Box #,Assay#,Depth,K (%),U (ppm),Th (ppm),DR,Total GR,Assay#,K (%),U (ppm),Th (ppm),DR,Total GR,Assay#,K (%),U (ppm),Th (ppm),DR,Total GR,Assay#,K (%),U (ppm),Th (ppm),DR,Total GR,Average GR,Std,CPS,Comments
61,10712,180.1,0.7,0.7,1.8,2,24,10713,0.6,1.1,1,1.9,22.4,10714,0.6,1.4,1.4,2.2,26.4,10715,0.7,1.3,0.6,2,24,24.2,1.649,63,
61,10717,180.4,0.5,1.8,0.9,2.2,26,10718,0.5,1.6,0.8,2,24,10719,0.5,1.6,1.8,2.4,28,10720,0.6,1.1,1.2,2,23.2,25.3,2.151,67,
61,10721,180.7,0.6,1.6,0.9,2.1,26,10722,0.7,1.4,1.4,2.2,28,10723,0.7,1.3,0.4,2.1,23.2,10724,0.7,1.2,1.8,2.3,28,26.3,2.272,71,
61,10725,181,0.7,1.4,1,2.2,26.4,10726,0.7,1.3,1.3,2.2,26.8,10727,0.7,1.5,0.8,2.1,26.4,10728,0.7,1.3,1.5,2.3,27.6,26.8,0.566,72,
61,10729,181.3,0.6,1.7,1.2,2.2,28,10730,0.7,1.5,1.5,2.4,29.2,10731,0.7,1.5,1.1,2.3,27.6,10732,0.5,2.2,1.3,2.5,30.8,28.9,1.438,74,
61,10733,181.6,0.6,1.5,0.8,2.1,24.8,10734,0.7,1.8,0.8,2.3,28.8,10735,0.7,1.9,1.1,2.6,30.8,10736,0.6,1.7,1.2,2.3,28,28.1,2.495,72,
61,10737,181.9,0.6,1.3,1.6,2.2,26.4,10738,0.6,1.6,0.8,2.2,25.6,10739,0.5,1.8,1.2,2.3,27.2,10740,0.6,1.5,1.8,2.3,28.8,27,1.366,70,
61,10741,182.2,0.6,1.5,1.4,2.3,27.2,10742,0.6,1.4,1,2.1,24.8,10743,0.6,1.2,1,2,23.2,10744,0.6,1.5,1.2,2.2,26.4,25.4,1.774,74,
61,10745,182.5,0.6,2,1.3,2.5,30.8,10746,0.6,1.5,1.5,2.3,27.6,10747,0.6,1.5,1.5,2.3,27.6,10748,0.7,1.1,1.2,2,24.8,27.7,2.452,71,
61,10749,182.8,0.6,1.3,0.8,1.9,23.2,10750,0.5,1.3,2.2,2.2,27.2,10751,0.5,1.4,1.2,2,24,10752,0.6,1.2,1.2,2,24,24.6,1.774,73,
,,,,,,,,,,,,,,,,,,,,,,,,,,,,,
62,10794,183.1,0.6,1.2,1.5,2.1,25.2,10795,0.5,1.2,1.4,2,23.2,10796,0.5,0.9,1.1,1.7,19.6,10797,0.5,0.8,1.7,1.8,21.2,22.3,2.43,65,
62,10798,183.4,0.5,1.2,1.7,2.1,24.4,10799,0.6,1.2,1.3,2,24.4,10800,0.5,1.1,1.1,1.8,21.2,10801,0.6,1,1.2,1.9,22.4,23.1,1.579,63,
62,10802,183.7,0.6,1,1.6,2,24,10803,0.7,1.3,1.1,2.1,26,10804,0.6,1.3,0.8,1.9,23.2,10805,0.7,1,1.1,2,23.6,24.2,1.244,65,
62,10806,184,0.5,1.6,1.7,2.2,27.6,10807,0.5,1.2,1.5,2,23.6,10808,0.6,0.8,1.1,1.7,20.4,10809,0.4,1.4,1.2,1.9,22.4,23.5,3.035,67,
62,10810,184.3,0.6,1,1.5,1.9,23.6,10811,0.5,1.3,0.8,1.8,21.6,10812,0.5,1.6,0.2,1.8,21.6,10813,0.6,1.3,1,2,24,22.7,1.281,63,
62,10814,184.6,0.6,1.5,0.7,2,24.4,10815,0.5,1.2,0.6,1.6,20,10816,0.5,1.3,1.4,1.9,24,10817,0.5,0.9,1.1,1.7,19.6,22,2.551,64,
62,10818,184.9,0.6,1.5,1.6,2.3,28,10819,0.5,1.7,0.6,2,24,10820,0.5,2,0.4,2.1,25.6,10821,0.6,1.4,1.6,2.3,27.2,26.2,1.774,67,
62,10822,185.2,0.6,1.1,0.8,1.9,21.6,10823,0.5,0.8,1.1,1.6,18.8,10824,0.7,0.6,1,1.7,20,10825,0.6,0.9,1.4,1.9,22.4,20.7,1.612,60,
62,10826,185.5,0.5,0.9,1.3,1.7,20.4,10827,0.5,1.1,0.8,1.7,20,10828,0.5,1.4,1,1.9,23.2,10829,0.5,1.4,1.2,1.9,24,21.9,1.997,60,
62,10830,185.8,0.6,1.2,0.8,1.9,22.4,10831,0.6,1.6,1,2.1,26.4,10832,0.5,1.5,1.4,2.1,25.6,10833,0.6,0.9,1.4,1.9,22.4,24.2,2.104,63,
,,,,,,,,,,,,,,,,,,,,,,,,,,,,,
63,10753,186.1,0.6,1.4,0.5,1.9,22.8,10754,0.7,1.2,1.7,2.3,27.6,10755,0.7,1.3,2.2,2.5,30.4,10756,0.7,1.9,1.1,2.5,30.8,27.9,3.686,76,
63,10757,186.4,0.6,0.9,2.7,2.3,27.6,10758,0.8,1.1,1.6,2.3,28,10759,0.6,1.2,2.3,2.3,28.4,10760,0.6,1.8,1.5,2.5,30,28.5,1.052,73,
63,10761,186.7,0.8,1.4,1.6,2.5,30.4,10763,0.9,1.5,2.5,3,36.4,10764,0.8,1.2,1.3,2.3,27.6,10765,0.8,1.1,2.3,2.5,30.8,31.3,3.686,68,
63,10766,187,0.8,1.2,1.4,2.3,28,10767,0.6,0.9,1.9,2.1,24.4,10768,0.7,1.2,0.7,2.1,23.6,10769,0.8,1.2,1.6,2.4,28.8,26.2,2.582,70,
63,10770,187.3,0.6,1,1.9,2.2,25.2,10771,0.8,1.9,1,2.7,32,10772,0.8,1.1,1.6,2.3,28,10773,0.7,1.1,1.8,2.3,27.2,28.1,2.854,68,
63,10774,187.6,0.6,1.2,2.1,2.3,27.6,10775,0.7,1.6,1.9,2.5,31.6,10776,0.8,1.5,1.9,2.6,32.4,10777,0.7,1.8,1.1,2.5,30,30.4,2.117,67,
63,10778,187.9,0.7,1.3,1.3,2.2,26.8,10779,0.6,1.8,1.6,2.5,30.4,10780,0.6,1.8,0.8,2.2,27.2,10781,0.6,1.3,1.7,2.2,26.8,27.8,1.744,71,
63,10782,188.2,0.7,1.5,1.1,2.4,27.6,10783,0.6,0.9,1.3,1.9,22,10784,0.7,1.2,1.7,2.4,27.6,10785,0.8,1.3,0.7,2.2,26,25.8,2.643,66,
63,10786,188.5,0.6,0.8,1.4,1.9,21.6,10787,0.6,1.6,1.3,2.3,27.6,10788,0.6,1.7,1.8,2.6,30.4,10789,0.7,1.4,1.4,2.3,28,26.9,3.743,70,
63,10790,188.8,0.7,1.7,1.4,2.5,30.4,10791,0.6,1.6,1,2.2,26.4,10792,0.6,1.7,1.4,2.4,28.8,10793,0.7,1.3,1.8,,28.8,28.6,1.649,67,
,,,,,,,,,,,,,,,,,,,,,,,,,,,,,
64,9131,189.1,0.7,1,1.3,21.5,24.4,9132,0.6,1.2,0.8,20.4,22.4,9133,0.6,1.4,2,25.1,28.8,9134,0.7,1.1,1,21.3,24,24.9,2.74,,
64,9135,189.4,0.6,0.9,0.7,17.3,19.6,9136,0.4,0.7,1,14.2,16,9137,0.5,0.8,1.2,17.1,19.2,9138,0.6,1.2,0.8,19.6,22.4,19.3,2.62,,
64,9139,189.7,0.4,0.7,2,18,20,9140,0.6,0.7,1,17.2,19.2,9141,0.4,1.3,1,18.7,20.8,9142,0.5,0.8,0.9,16.3,18,19.5,1.194,,
64,9143,190,0.6,0.9,1.5,21,22.8,9144,0.5,1.3,1,20.2,22.4,9145,0.6,1.1,1.2,20.6,23.2,9146,0.6,0.8,1.5,19.3,22,22.6,0.516,,
64,9147,190.3,0.6,0.7,1.3,18.3,20.4,9148,0.5,1,1.1,18.4,20.4,9149,0.5,0.9,0.9,17.3,18.8,9150,0.6,0.7,1.4,18.2,20.8,20.1,0.887,,
64,9151,190.6,0.6,1.1,0.8,19.8,21.6,9152,0.6,1,1.5,20.3,23.6,9153,0.6,1,1.6,21.2,24,9154,0.7,1,1.4,21.7,24.8,23.5,1.361,,
64,9155,190.9,0.5,1.2,1.9,21.1,25.2,9156,0.4,0.9,1,16.1,17.6,9157,0.5,0.6,1.1,15.4,17.2,9158,0.5,1.1,1.4,18.9,22.4,20.6,3.871,,
64,9159,191.2,0.6,1,1.2,20.5,22.4,9160,0.7,0.7,1.5,20.4,22.8,9161,0.5,1.2,1.2,19.9,22.4,9162,0.5,1.1,0.7,17.6,19.6,21.8,1.479,,
64,9163,191.5,0.5,1.2,1,20,21.6,9164,0.7,0.8,1.5,20.3,23.6,9165,0.5,1.3,1,19.4,22.4,9166,0.6,1.1,1.7,22.5,25.2,23.2,1.566,,
64,9168,191.8,0.5,0.9,0.9,17.2,18.8,9169,0.4,0.9,2,19.1,21.6,9170,0.6,1.3,0.8,19.9,23.2,9171,0.5,0.8,2.2,20.7,23.2,21.7,2.075,,
,,,,,,,,,,,,,,,,,,,,,,,,,,,,,
65,9172,192.1,0.6,1.8,0.5,23,26,9173,0.6,1.7,0.7,22.2,26,9174,0.7,1.6,1.3,25.3,29.2,9175,0.5,1.7,1.4,24.1,27.2,27.1,1.51,,
65,,192.4,Fragments,,,,,,,,,,,,,,,,,,,,,,,,,,
65,,192.7,Fragments,,,,,,,,,,,,,,,,,,,,,,,,,,
65,9176,193,0.6,1.4,0.8,21,24,9177,0.6,1.9,1.2,26,29.6,9178,0.5,2.2,1.4,26.2,31.2,9179,0.7,1.9,1.4,27.6,32,29.2,3.607,,
65,9180,193.3,0.4,1.6,1.4,21.4,24.8,9181,0.5,1.5,1.4,22.3,25.6,9182,0.6,1.6,1.4,24.1,28,9183,0.5,2.2,0.7,23.5,28.4,26.7,1.77,,
65,9184,193.6,0.7,2,1.3,27.6,32.4,9185,0.6,2,1,26.5,29.6,9186,0.7,1.7,1.3,25.6,30,9187,0.7,1.6,1.3,26.2,29.2,30.3,1.438,,
65,9188,193.9,0.6,1.9,1.1,25.2,29.2,9189,0.5,1.3,1.1,20.5,22.8,9190,0.5,1.9,1.3,25.4,28.4,9191,0.5,1.8,1.1,23.3,26.8,26.8,2.847,,
65,9192,194.2,0.8,1.1,0.9,22,25.2,9193,0.7,1,1.1,20.7,23.6,9194,0.7,1.2,0.8,20.7,24,9195,0.7,1.2,0.6,20.7,23.2,24,0.864,,
65,9196,194.5,0.6,1.5,1.2,23.7,26.4,9197,0.7,1.3,0.8,21.9,24.8,9198,0.6,1.3,1.1,22.4,24.4,9199,0.6,1.7,0.7,23.7,26,25.4,0.952,,
65,9200,194.8,0.6,1.4,1,21.8,24.8,9201,0.6,1.5,0.6,21.6,24,9202,0.5,1.4,0.7,20,22,9203,0.7,1.4,0.8,22.3,25.6,24.1,1.545,,
,,,,,,,,,,,,,,,,,,,,,,,,,,,,,
,9204,195.1,0.7,1.4,1.4,24.4,28,9205,0.6,1.8,1,25.2,28,9206,0.7,1.4,1,23.1,26.4,9207,0.6,1.3,1.3,22.5,25.2,26.9,1.361,,
,9208,195.4,0.5,0.2,1.1,24.6,14,9209,0.6,1.8,1.3,25.6,29.2,9210,0.6,1.3,1,21.3,24,9211,0.6,1.4,1.4,23.2,26.4,23.4,6.617,,
,9212,195.7,0.7,1.2,1.4,24.1,26.4,9213,0.6,1.6,1,23.4,26.4,9214,0.8,1.6,1.1,27,30,9215,0.9,1.1,1.5,26.2,29.2,28,1.876,,
,9216,196,0.7,1.7,0.8,24.2,28,9217,0.6,1.6,1.2,24.9,27.2,9218,0.6,2.1,0.8,26,29.6,9219,0.5,1.6,1.2,23.1,25.6,27.6,1.665,,
,9220,196.3,0.6,1.4,0.4,19.2,22.4,9221,0.6,1.8,0.7,23.6,26.8,9222,0.6,1.2,0.6,19.9,21.6,9223,0.7,1.4,1.2,23.9,27.2,24.5,2.91,,
,9224,196.6,0.5,1.4,1.6,24.2,25.6,9225,0.6,1.2,1.7,22.5,26,9226,0.7,1.5,0.6,22.8,25.6,9227,0.6,1.4,1.4,24.3,26.4,25.9,0.383,,
,9228,196.9,0.5,1.1,1.5,20.9,22.8,9229,0.6,1.7,0.9,23,26.8,9230,0.6,1.5,1.4,23.7,27.2,9231,0.6,1.6,1.2,23.6,27.2,26,2.142,,
,9232,197.2,0.6,0.8,1.1,18.8,20.4,9233,0.6,0.9,0.8,18.3,20,9234,0.7,0.1,0.8,19.8,15.2,9235,0.6,1.3,0.5,20,22,19.4,2.93,,
,9237,197.5,0.5,1,1.2,17.8,20.8,9238,0.5,1.2,1.2,20.2,22.4,9239,0.5,1.5,0.9,20.9,23.6,9240,0.6,1.2,1.2,21.2,24,22.7,1.438,,
,9241,197.8,0.6,1,1.2,20.4,22.4,9243,0.6,1.4,0.8,20.8,24,9244,0.6,0.9,1.2,18.6,21.6,9245,0.7,0.8,1.4,20.1,23.2,22.8,1.033,,
,,,,,,,,,,,,,,,,,,,,,,,,,,,,,
,9246,198.1,0.6,0.9,1,19.2,20.8,9247,0.6,0.7,1.5,19.1,21.2,9248,0.6,1,1.2,20.3,22.4,9249,0.5,0.8,0.7,16.3,17.2,20.4,2.239,,
,9250,198.4,0.5,1.1,0.6,18,19.2,9251,0.5,1,0.7,16.5,18.8,9252,0.5,0.8,0.8,16.1,17.6,9253,0.5,1.2,0.6,17.5,20,18.9,1,,
,9254,198.7,0.5,1,1.1,18.5,20.4,9256,0.5,0.9,0.9,16.7,18.8,9257,0.5,0.9,0.3,13.8,16.4,9258,0.6,0.7,0.9,16.6,18.8,18.6,1.649,,
,9259,199,0.4,0.9,1.1,15.9,18,9260,0.5,0.6,1.4,15.4,18.4,9261,0.5,0.7,0.7,14.3,16.4,9262,0.5,1.1,0.2,16,17.6,17.6,0.864,,
,9263,199.3,0.5,0.8,1.3,17.2,19.6,9264,0.5,1.1,0.3,16.3,18,9265,0.5,0.9,0.9,15.9,18.8,9266,0.5,0.9,0.6,16.2,17.6,18.5,0.887,,
,9267,199.6,0.5,0.8,0.9,15.9,18,9268,0.4,0.9,1,16.1,17.6,9269,0.5,1.2,0.9,19.3,21.2,9270,0.6,1.3,0.9,21.4,23.6,20.1,2.835,,
,9271,199.9,0.5,1.3,0.6,17.9,20.8,9272,0.5,0.9,1,16.8,19.2,9273,0.4,1.2,0.7,16.7,18.8,9274,0.5,0.9,0.5,15.4,17.2,19,1.479,,
,9275,200.2,0.6,1,0.6,18.1,20,9276,0.6,1,1.2,19.9,22.4,9277,0.6,1.2,1,20.7,23.2,9278,0.7,1.2,1.2,22.6,25.6,22.8,2.309,,
,9279,200.5,0.5,1.2,0.9,18,21.2,9280,0.4,1.1,0.8,16.2,18.4,9281,0.4,1.1,0.7,16.3,18,9282,0.4,0.8,0.9,15.1,16.4,18.5,1.997,,
,9283,200.8,0.5,1.1,0.7,16.6,19.6,9284,0.5,0.7,1.2,17.1,18.4,9285,0.5,0.9,0.6,15.4,17.6,9286,0.6,0.6,0.9,15.9,18,18.4,0.864,,
,,,,,,,,,,,,,,,,,,,,,,,,,,,,,
,9287,201.1,0.6,1.1,1,19.8,22.4,9288,0.5,0.7,1.2,16.6,18.4,9289,0.6,1.2,0.8,20.4,22.4,9290,0.6,1.1,0.5,17.7,20.4,20.9,1.915,,
,9291,201.4,0.5,0.9,0.6,15.5,17.6,9292,0.5,1,0.5,16.2,18,9293,0.5,1.2,1,18.6,21.6,9294,0.5,0.6,0.8,14.2,16,18.3,2.364,,
,9295,201.7,0.6,0.9,0.6,17.6,19.2,9296,0.6,1.2,0.8,19.5,22.4,9297,0.6,1.3,0.8,21,23.2,9298,0.6,1.3,0.9,20.4,23.6,22.1,1.997,,
,9300,202,0.5,1,0.8,16.4,19.2,9301,0.4,1.1,0.3,15,16.4,9302,0.5,0.9,0.5,15.8,17.2,9303,0.5,0.6,0.5,13.1,14.8,16.9,1.829,,
,9304,202.3,0.5,0.9,0.7,16,18,9305,0.4,1,0.8,16.1,17.6,9306,0.5,1,0.4,16.4,17.6,9307,0.5,1,0.7,16.7,18.8,18,0.566,,
,9308,202.6,0.5,0.9,0.7,16.3,18,9309,0.6,0.9,0.5,16.4,18.8,9310,0.5,1.1,0.6,17.6,19.2,9311,0.5,1.2,1.2,20.3,22.4,19.6,1.932,,
,9312,202.9,0.5,0.9,0.9,16.9,18.8,9313,0.4,0.4,1.4,14.2,15.2,9314,0.4,1,0.9,15.4,18,9315,0.4,0.9,0.7,14.6,16.4,17.1,1.612,,
,9316,203.2,0.4,0.9,0.8,15.4,16.8,9317,0.5,0.9,1.1,17.4,19.6,9318,0.6,0.2,1.4,15,16.8,9319,0.5,0.7,0.7,14.6,16.4,17.4,1.479,,
,9320,203.5,0.5,0.9,0.7,15.4,18,9321,0.5,1,1,17.1,20,9322,0.5,1,0.5,15.6,18,9323,0.4,0.8,0.9,14.9,16.4,18.1,1.474,,
,9324,203.8,0.6,1,1.1,18.8,22,9325,0.5,0.7,0.9,15,17.2,9326,0.5,0.9,0.5,15.1,17.2,9327,0.6,0.5,0.6,14.3,16,18.1,2.661,,
,,,,,,,,,,,,,,,,,,,,,,,,,,,,,
,9328,204.1,0.6,0.7,1.3,17.9,20.4,9329,0.6,0.9,0.9,18.8,20.4,9330,0.6,0.8,0.9,17.1,19.6,9331,0.5,1,1.5,19.7,22,20.6,1.007,,
,9332,204.4,0.4,1.5,1.2,19.3,23.2,9333,0.5,0.9,0.6,16.2,17.6,9334,0.5,1,0.8,16.9,19.2,9335,0.4,1.5,0.2,17.2,19.2,19.8,2.389,,
,9336,204.7,0.6,1,1.1,19.2,22,9337,0.5,1.6,0.4,20.1,22.4,9338,0.6,1.4,1,21.4,24.8,9339,0.5,1.1,0.4,17.3,18.4,21.9,2.641,,
,9340,205,0.4,1,0.9,16.4,18,9341,0.4,1.6,0.5,17.7,21.2,9342,0.6,0.6,0.8,15.6,17.6,9343,0.6,0.7,0.7,15.9,18,18.7,1.677,,
,9344,205.3,0.5,1.4,0.6,19.7,21.6,9345,0.5,1.2,0.8,18,20.8,9346,0.4,0.9,1,16.1,17.6,9347,0.5,0.8,0.5,15,16.4,19.1,2.495,,
,9348,205.6,0.5,1,1.2,18.9,20.8,9349,0.5,1,0.3,15,17.2,9350,0.5,1.4,0.4,18.8,20.8,9351,0.5,0.6,1.5,17.1,18.8,19.4,1.744,,
,9352,205.9,0.4,1,1,16.8,18.4,9353,0.5,1,0.7,16.8,18.8,9354,0.4,0.9,0.7,15.4,16.4,9355,0.5,1,1.3,19,21.2,18.7,1.97,,
,9356,206.2,0.6,1.1,1.3,20,23.6,9357,0.6,1,0.8,16.2,20.8,9358,0.6,1,0.7,17.6,20.4,9359,0.7,1,1,20.6,23.2,22,1.633,,
,9360,206.5,0.5,1,0.8,17.4,19.2,9361,0.5,0.7,1.2,16.5,18.4,9362,0.5,0.6,1.1,15,17.2,9363,0.5,0.9,0.6,15.4,17.6,18.1,0.887,,
,9364,206.8,0.5,1,1.3,19.2,21.2,9365,0.6,0.9,0.2,15.8,17.6,9366,0.5,1.3,0.8,19.2,21.6,9367,0.5,1.3,0.9,19.9,22,20.6,2.026,,
,,,,,,,,,,,,,,,,,,,,,,,,,,,,,
,9368,207.1,0.5,0.6,1.2,16.3,17.6,9369,0.6,0.8,0.7,16.5,18.8,9370,0.5,1,0.8,17.4,19.2,9371,0.6,0.8,1,18.2,20,18.9,1,,
,9372,207.4,0.5,0.9,0.7,16,18,9373,0.5,1.2,0.8,18.4,20.8,9374,0.5,1.1,0.7,16.9,19.6,9375,0.5,0.8,0.6,15.2,16.8,18.8,1.759,,
,9376,207.7,0.6,0.9,0.7,18.1,19.6,9377,0.5,1.1,0.8,18.3,20,9378,0.6,0.9,1.3,19.5,22,9379,0.6,0.9,0.5,17.1,18.8,20.1,1.361,,
,9380,208,0.6,0.5,1.2,16.1,18.4,9381,0.5,1.1,0.1,14.8,17.2,9382,0.5,0.9,0.4,15.2,16.8,9383,0.5,0.9,0.4,15.2,16.8,17.3,0.757,,
,9384,208.3,0.5,1,1.3,18.6,21.2,9385,0.6,0.9,0.8,17.2,20,9385,0.5,1,1,17.2,20,9386,0.6,0.9,0.3,16.4,18,19.8,1.327,,
,9387,208.6,0.6,1,0.9,18.3,21.2,9388,0.6,0.8,0.6,17.1,18.4,9389,0.6,0.6,1,17.6,18.4,9390,0.5,1,1.5,20.1,22,20,1.876,,
,9391,208.9,0.5,1,0.7,16.9,18.8,9392,0.5,1.3,0.4,18,20,9393,0.5,1.1,0.6,17.9,19.2,9394,0.5,1,1,18.8,20,19.5,0.6,,
,9395,209.2,0.6,1.1,1.2,20.2,23.2,9396,0.6,0.7,1.1,17.8,19.6,9397,0.6,1,1.2,20.2,22.4,9398,0.6,1,1.2,20.2,22.4,21.9,1.579,,
,9399,209.5,0.6,1,1,19.5,21.6,9400,0.5,1.4,0.8,19.9,22.4,9401,0.5,1.3,1,20,22.4,9402,0.5,1.6,0.6,21,23.2,22.4,0.653,,
,9403,209.8,0.5,1.3,0.8,19,21.6,9404,0.5,1.2,0.8,18.7,20.8,9405,0.7,1.4,0.9,22.6,26,9406,0.6,1.1,1.3,20.8,23.6,23,2.321,,
,,,,,,,,,,,,,,,,,,,,,,,,,,,,,
,7103,210.1,0.6,1.2,0.8,19.9,22.4,7104,0.5,1.2,1.3,20.9,22.8,7105,0.6,1.5,0.7,21,24.4,7106,0.5,1.4,1.2,21.1,24,23.4,0.952,,
,7107,210.4,0.5,1,0.9,16.3,19.6,7108,0.4,1,0.5,14,16.4,7109,0.4,1,0.9,15.8,18,7110,0.4,1.5,0.5,18.6,20.4,18.6,1.774,,
,7111,210.7,0.6,0.9,0.3,16.1,18,7112,0.6,0.4,1,14.7,16.8,7113,0.6,1.1,0.8,19.5,21.6,7115,0.5,1.2,0.7,17.1,20.4,19.2,2.191,,
,7116,211,0.5,1.1,0.7,16.7,19.6,7117,0.5,1.2,0.6,17.5,20,7118,0.6,1.1,0.5,18.7,20.4,7119,0.5,1.2,1.2,19.2,22.4,20.6,1.244,,
,7120,211.3,0.4,0.9,1.2,16.5,18.4,7121,0.5,1,0.9,17.1,19.6,7122,0.5,0.4,1.4,14.8,16.8,7123,0.5,0.8,1.4,17.4,20,18.7,1.438,,
,7124,211.6,0.6,1,1.3,19.8,22.8,7125,0.6,1.1,1.1,19.4,22.8,7126,0.7,1,1,20.4,23.2,7127,0.5,0.9,1.3,18.3,20.4,22.3,1.281,,
,7128,211.9,0.5,1.3,1,19.6,22.4,7129,0.5,1,0.5,16,18,7130,0.4,1.2,0.4,15.9,17.6,7131,0.4,1.5,0.8,19.3,21.6,19.9,2.452,,
,7132,212.2,0.5,1.1,0.9,18.5,20.4,7133,0.7,1.1,0.6,19.4,22.4,7134,0.4,1.2,0.9,17.5,19.6,7135,0.5,1.1,0.9,18.5,20.4,20.7,1.194,,
,7136,212.5,0.6,1,0.8,19.2,20.8,7137,0.6,1,0.4,17.7,19.2,7138,0.5,0.9,1.1,16.7,19.6,7139,0.6,1.1,0.6,18.7,20.8,20.1,0.825,,
,7140,212.8,0.5,1.2,0.7,18.8,20.4,7141,0.6,0.7,1.5,18.4,21.2,7142,0.7,1.1,1,21.3,24,7143,0.6,1.5,0.7,21.1,24.4,22.5,1.997,,
,,,,,,,,,,,,,,,,,,,,,,,,,,,,,
,9407,213.1,0.6,1.3,0.8,20.4,23.2,9408,0.7,1.1,1.2,22.5,24.8,9409,0.7,1.3,1,22.3,25.6,9410,0.6,1.3,0.7,21,22.8,24.1,1.322,,
,9411,213.4,0.6,1,0.8,17.9,20.8,9412,0.5,1.1,0.8,18.8,20,9413,0.5,1.2,0.2,16.9,18.4,9414,0.6,1,0.6,18.7,20,19.8,1.007,,
,9415,213.7,0.7,1,1.5,21.5,25.2,9416,0.6,1.4,0.6,20.1,23.2,9417,0.6,1.3,0.6,20.7,22.4,9418,0.6,1,0.6,18,20,22.7,2.151,,
,9419,214,0.7,1.1,0.9,21.3,23.6,9420,0.7,1.2,1.9,24.9,28.4,9421,0.5,1.4,0.7,20.4,22,9422,0.7,1.6,0.8,23.1,27.2,25.3,3,,
,9423,214.3,0.6,1,0.7,18.3,20.4,9424,0.7,0.8,0.7,17.9,20.4,9425,0.5,0.9,0.7,16.7,18,9426,0.5,1.5,1.2,22.5,24.8,20.9,2.835,,
,9427,214.6,0.7,1.2,1.2,22.7,25.6,9428,0.6,1.8,0.4,22.1,25.6,9429,0.7,0.7,1,18.4,20.8,9430,0.7,1,1,20.3,23.2,23.8,2.298,,
,9431,214.9,0.5,1.1,1.2,19.5,21.6,9432,0.5,1.2,0.7,18.7,20.4,9433,0.6,0.5,1.2,17.3,18.4,9434,0.5,1.3,0.8,20,21.6,20.5,1.51,,
,9435,215.2,0.7,1.4,0.8,22.2,25.6,9436,0.6,1.6,1,23,26.4,9437,0.7,0.6,0.8,17.7,19.2,9438,0.5,1.3,0.7,19.2,21.2,23.1,3.462,,
,9439,215.5,0.6,1.3,1.2,21.6,24.8,9440,0.7,1.5,1,23.9,27.2,9441,0.7,0.9,1.4,20.8,24,9442,0.6,1.3,0.7,19.4,22.8,24.7,1.858,,
,9443,215.8,0.7,1,1.2,20.9,24,9444,0.6,1.2,1,20.5,23.2,9445,0.6,1.1,1,20.9,22.4,9446,0.6,1.4,0.6,20.3,23.2,23.2,0.653,,
,,,,,,,,,,,,,,,,,,,,,,,,,,,,,
,7144,216.1,0.6,0.9,1.3,18.7,22,7145,0.4,1.3,1.1,19.2,21.2,7146,0.5,1,0.7,17.3,18.8,7147,0.6,1,1.1,19.5,22,21,1.514,,
,7148,216.4,0.5,1,0.3,15.6,17.2,7149,0.5,1,0.9,17.8,19.6,7150,0.5,0.8,0.9,16.6,18,7151,0.5,0.8,1.1,16.4,18.8,18.4,1.033,,
,7152,216.7,0.5,0.7,0.9,15.2,17.2,7153,0.5,0.9,0.7,16,18,7154,0.5,1,0.4,15.2,17.6,7155,0.6,0.8,1.5,19.3,22,18.7,2.224,,
,7156,217,0.4,0.8,0.5,13.9,14.8,7157,0.4,1,0.8,16,17.6,7158,0.5,0.8,0.5,15.3,16.4,7159,0.5,0.9,0.7,16.1,18,16.7,1.438,,
,7160,217.3,0.5,0.9,1,17.5,19.2,7161,0.5,1.2,0.7,17.4,20.4,7162,0.5,0.6,0.5,14,14.8,7163,0.5,0.9,0.7,16.4,18,18.1,2.408,,
,7164,217.6,0.5,0.9,0.7,15.6,18,7165,0.5,0.9,0.3,14.9,16.4,7166,0.6,0.9,0.8,17.3,20,7167,0.4,1.3,0,15.4,16.8,17.8,1.617,,
,7168,217.9,0.5,0.7,1,15.2,17.6,7169,0.5,1.1,1,17.5,20.8,7170,0.4,0.6,0.8,12.6,14.4,7171,0.4,1,1,16.1,18.4,17.8,2.643,,
,7172,218.2,0.6,0.7,0.9,17.4,18.8,7173,0.5,1,0.8,16.7,19.2,7174,0.5,1.3,0.9,18.9,22,7175,0.6,0.9,1.3,19.8,22,20.5,1.74,,
,7176,218.5,0.6,0.7,0.7,16.3,18,7177,0.6,0.8,0.6,16.1,18.4,7178,0.5,0.8,0.7,14.9,17.2,7179,0.6,0.7,0.6,15.4,17.6,17.8,0.516,,
,7180,218.8,0.5,0.5,1.2,14.7,16.8,7181,0.5,0.9,0.5,15.1,17.2,7182,0.6,0.7,0.5,15.1,17.2,7183,0.4,0.9,1,15.9,17.6,17.2,0.327,,
,,,,,,,,,,,,,,,,,,,,,,,,,,,,,
,9787,219.1,0.6,1.1,0.3,18.1,19.6,9788,0.6,0.4,1.4,16.3,18.4,9789,0.6,0.9,1.3,19.3,22,9790,0.7,0.7,0.7,17.6,19.6,19.9,1.51,,
,9791,219.4,0.5,0.8,1,17,18.4,9792,0.5,1.2,0.6,17.5,20,9793,0.6,1,0.9,18.2,21.2,9794,0.6,0.8,0.5,15.4,18,19.4,1.479,,
,9795,219.7,0.7,0.9,0.6,18.6,20.8,9796,0.6,1.1,0.7,18.6,21.2,9797,0.6,1,0.5,18.2,19.6,9798,0.6,0.9,0.5,17.7,18.8,20.1,1.102,,
,9799,220,0.4,0.7,0.9,14.3,15.6,9800,0.4,0.8,1.1,16.2,17.2,9801,0.5,0.6,1.3,15,18,9802,0.5,0.5,0.8,12.9,15.2,16.5,1.322,,
,9803,220.3,0.4,0.8,0.5,13.7,14.8,9804,0.4,0.8,0.7,14.3,15.6,9805,0.4,0.6,1.6,16,17.6,9806,0.5,0.8,0.3,13.1,15.6,15.9,1.194,,
,9807,220.6,0.5,0.9,0.2,14.4,16,9808,0.5,1,0.5,16.6,18,9809,0.5,0.9,0.6,16.2,17.6,9810,0.5,0.7,0.7,14,16.4,17,0.952,,
,9811,220.9,0.4,0.6,1.1,13.2,15.6,9812,0.3,0.8,0.9,12.8,14.8,9813,0.3,0.9,1,14.5,16,9814,0.4,0.5,0.5,10.9,12.4,14.7,1.612,,
,9815,221.2,0.3,0.5,1.2,11.7,13.6,9816,0.4,0.7,0.6,13.8,14.4,9817,0.3,0.5,1.2,12.6,13.6,9818,0.4,0.8,0.6,14.2,15.2,14.2,0.766,,
,9819,221.5,0.5,0.6,1.2,15.5,17.6,9820,0.5,0.7,0.8,14.6,16.8,9821,0.4,0.5,0.5,12.2,12.4,9822,0.5,0.6,1,14.8,16.8,15.9,2.364,,
,9823,221.8,0.4,0.3,1.3,13.1,14,9824,0.5,0.4,0.8,12.7,14.4,9825,0.4,0.7,0.5,12.5,14,9826,0.4,0.7,0.6,12.2,14.4,14.2,0.231,,
,,,,,,,,,,,,,,,,,,,,,,,,,,,,,
,9827,222.1,0.5,0.5,0.6,13.9,14.4,9828,0.4,0.7,0.9,14.6,15.6,9829,0.6,0.7,0.9,16.3,18.8,9830,0.5,0.9,0.1,14.2,15.6,16.1,1.887,,
,9831,222.4,0.4,0.6,0.8,12.2,14.4,9832,0.4,0.5,0.6,10.8,12.8,9833,0.5,0.6,0.2,11.6,13.6,9834,0.4,0.5,0.6,11.6,12.8,13.4,0.766,,
,9835,222.7,0.4,0.8,0.5,12.9,14.8,9836,0.4,0.5,0.4,11.7,12,9837,0.4,0.7,0.6,12.8,14.4,9838,0.4,0.6,0.4,11.3,12.8,13.5,1.322,,
,9839,223,0.4,0.6,0.8,13.4,14.4,9840,0.4,0.6,0.5,12.4,13.2,9841,0.5,0.5,0.6,13.2,14.4,9842,0.4,0.9,0.7,14,16.4,14.6,1.327,,
,9843,223.3,0.4,0.7,0.2,11.6,12.8,9844,0.4,0.6,0.4,12.1,12.8,9845,0.4,0.8,0.7,13.9,15.6,9846,0.3,0.6,0.6,11,12,13.3,1.579,,
,9847,223.6,0.6,0.7,0.3,14.8,16.4,9848,0.6,0.8,0.5,16.8,18,9849,0.5,0.8,1,16.8,18.4,9850,0.5,0.5,1,13.8,16,17.2,1.178,,
,9851,223.9,0.4,0.9,0.3,13.7,14.8,9852,0.3,0.4,0.8,10.6,11.2,9853,0.4,1.1,0.7,15.7,18,9854,0.4,0.6,0.6,11.7,13.6,14.4,2.828,,
,9855,224.2,0.6,1.1,0.8,18.6,21.6,9856,0.6,0.8,0.8,16.6.,19.2,9857,0.6,1,0,16.3,17.6,9858,0.7,0.7,0.9,18.3,20.4,19.7,1.709,,
,9859,224.5,0.4,1.1,0.8,16.8,18.4,9860,0.5,0.9,1.1,16.9,19.6,9861,0.4,0.7,1.2,15.3,16.8,9862,0.5,0.8,0.9,15.7,18,18.2,1.155,,
,9863,224.8,0.5,0.7,0.4,13.5,15.2,9864,0.5,0.7,0.7,14.5,16.4,9865,0.4,0.9,0.8,15.1,16.8,9866,0.6,0.9,0.5,16.3,18.8,16.8,1.497,,
,,,,,,,,,,,,,,,,,,,,,,,,,,,,,
,9867,225.1,0.6,1,0.7,17.9,20.4,9868,0.6,0.7,0.4,14.7,16.8,9869,0.5,1,0.6,16.9,18.4,9870,0.5,1,0.8,17.7,19.2,18.7,1.51,,
,9871,225.4,0.5,1,0.9,17.6,19.6,9872,0.5,0.7,0.3,14.1,14.8,9873,0.5,0.5,1,14.7,16,9874,0.4,0.8,1.1,15,17.2,16.9,2.049,,
,9875,225.7,0.5,0.5,0.9,13.3,15.6,9876,0.5,0.8,0.9,16,18,9877,0.5,0.6,1,15.7,16.8,9878,0.5,0.6,1.1,15.5,17.2,16.9,1,,
,9879,226,0.7,1,0.7,19.6,22,9880,0.6,1,0.6,18.8,20,9881,0.6,0.7,0.1,15.2,15.6,9882,0.6,1.1,1.1,19.4,22.8,20.1,3.223,,
,9883,226.3,0.4,0.7,0.8,14.1,15.2,9884,0.4,0.6,0.7,13.1,14,9885,0.4,0.8,0.7,14.3,15.6,9886,0.5,0.7,0.2,12.6,14.4,14.8,0.73,,
,9887,226.6,0.6,0.8,0.8,17.5,19.2,9888,0.6,0.4,1.2,15.6,17.6,9889,0.5,0.9,0.8,15.6,18.4,9890,0.5,0.7,0.9,16.4,17.2,18.1,0.887,,
,9891,226.9,0.5,0.6,0.3,12.5,14,9892,0.4,0.9,0.6,14.6,16,9893,0.5,0.7,0.1,12.9,14,9894,0.5,1,0.5,16.1,18,15.5,1.915,,
,9895,227.2,0.5,0.7,0.5,13.4,15.6,9896,0.4,0.9,0.3,14.2,14.8,9897,0.4,0.9,0.7,14.7,16.4,9898,0.4,1.1,1.1,17,19.6,16.6,2.104,,
,9899,227.5,0.6,1.4,0.7,20.5,23.6,9900,0.6,0.9,1,18.9,20.8,9901,0.6,1.3,0.7,19.8,22.8,9902,0.7,0.9,0.6,18.3,20.8,22,1.424,,
,9903,227.8,0.5,0.5,0.7,13.2,14.8,9904,0.5,0.8,0.9,15.3,18,9905,0.5,0.6,0.7,14.6,15.6,9906,0.5,0.8,0.6,15.8,16.8,16.3,1.4,,
,,,,,,,,,,,,,,,,,,,,,,,,,,,,,
,7064,228.1,0.6,0.8,0.7,16.1,18.8,7065,0.6,0.7,0.5,15.3,17.2,7066,0.5,1.1,0.5,16.7,18.8,7067,0.5,1.6,0.5,20.5,22.8,19.4,2.389,,
,7068,228.4,0.5,0.8,0.8,15.8,17.6,7069,0.4,0.9,0.5,14.7,15.6,7070,0.5,0.9,0.8,16.8,18.4,7071,0.5,1,0.7,16.9,18.8,17.6,1.424,,
,7072,228.7,0.6,1,0.6,18.3,20,7073,0.5,0.5,0.9,15,15.6,7074,0.6,0.7,1.4,19.1,20.8,7075,0.6,1.2,0.5,18.7,21.2,19.4,2.582,,
,7076,229,0.5,1,1,17.2,20,7077,0.4,0.8,0.4,13.2,14.4,7078,0.5,0.7,0.7,15.2,16.4,7079,0.4,0.8,1,15.4,16.8,16.9,2.318,,
,7080,229.3,0.5,1,0.7,16.3,18.8,7081,0.5,0.8,0.1,13,14.8,7082,0.5,0.7,1,15.6,17.6,7083,0.4,1.2,0.5,,18,17.3,1.74,,
,7084,229.6,0.5,1.2,0.7,18.5,20.4,7085,0.5,1.4,0.5,18,21.2,7086,0.5,1.1,0.7,17.7,19.6,7087,0.5,0.4,1.3,15.3,16.4,19.4,2.104,,
,7088,229.9,0.5,1.4,0.4,17.5,20.8,7089,0.5,0.9,0.9,16.5,18.8,7090,0.5,1.1,0.3,15.7,18,7091,0.5,1.2,0.8,19,20.8,19.6,1.424,,
,7092,230.2,0.6,0.7,0.7,15.7,18,7093,0.5,0.9,1.3,17.9,20.4,7094,0.5,1.1,0.5,16.6,18.8,7095,0.5,1.3,0.6,18.2,20.8,19.5,1.322,,
,7096,230.5,0.6,1,1,19.2,21.6,7097,0.7,0.9,0.7,18.7,21.2,7098,0.6,1,0.8,19.3,20.8,7099,0.5,0.9,0.7,16.1,18,20.4,1.633,,
,7100,230.8,0.5,0.7,1.7,18.9,20.4,7101,0.6,0.7,1.2,18.5,20,7102,0.6,1.1,0.5,18.4,20.4,7103,0.6,0.9,1.2,19.1,21.6,20.6,0.693,,
,,,,,,,,,,,,,,,,,,,,,,,,,,,,,
,9447,231.1,0.6,1,0.9,18.3,21.2,9448,0.5,1.1,1.1,18.9,21.2,9449,0.6,0.7,0.7,16.6,18,9450,0.7,1.1,0.6,19.8,22.4,20.7,1.887,,
,9451,231.4,0.5,0.9,0.7,16.5,18,9452,0.5,0.7,0.9,15.1,17.2,9453,0.5,0.9,1.1,18.2,19.6,9454,0.5,0.8,0.5,15.2,16.4,17.8,1.366,,
,9455,231.7,0.6,1,0.4,17.7,19.2,9456,0.6,0.8,0.9,17.2,19.6,9457,0.5,1.1,0.9,17.9,20.4,9458,0.5,0.8,0.9,17,18,19.3,1,,
,9459,232,0.5,0.7,0.5,14,15.6,9460,0.5,1,0.2,14.4,16.8,9461,0.4,0.9,0.6,14.7,16,9462,0.4,1.1,1.2,16.8,20,17.1,1.997,,
,9463,232.3,0.4,0.8,0.4,12.9,14.4,9464,0.4,0.9,0.9,15.2,17.2,9465,0.4,0.9,0.6,14.2,16,9466,0.4,1.1,0.4,14.4,16.8,16.1,1.238,,
,9467,232.6,0.4,0.8,1.1,14.6,17.2,9468,0.5,0.6,0.5,13.2,14.8,9469,0.4,1.2,0.7,16.3,18.8,9470,0.4,1.3,0.6,17.7,19.2,17.5,1.997,,
,9471,232.9,0.4,0.8,0.7,13.2,15.6,9472,0.4,0.7,0.1,11.7,12.4,9473,0.4,1,1.1,16.8,18.8,9474,0.4,0.7,0.5,12,14,15.2,2.733,,
,9475,233.2,0.4,1.2,0.7,17.1,18.8,9476,0.5,0.6,0.9,15.3,16.4,9477,0.5,0.9,0.6,15.5,17.6,9478,0.4,1,0.5,15.4,16.4,17.3,1.149,,
,9479,233.5,0.3,0.8,0.9,13.8,14.8,9480,0.4,0.9,0.5,13.4,15.6,9481,0.3,0.5,0.5,10.2,10.8,9482,0.4,0.7,0.6,12.4,14.4,13.9,2.126,,
,9483,233.8,0.4,0.8,0.7,13.8,15.6,9484,0.3,1.3,0.2,14.7,16,9485,0.4,1.1,0.9,15.7,18.8,9486,0.4,1.3,0.3,16.2,18,17.1,1.545,,
,,,,,,,,,,,,,,,,,,,,,,,,,,,,,
,9487,234.1,0.5,0.8,0.5,14.6,16.4,9488,0.6,0.6,0.7,15.6,17.2,9489,0.4,0.9,1.1,15.2,18,9490,0.5,1,0.6,15.8,18.4,17.5,0.887,,
,9491,234.4,0.4,0.8,0.7,14,15.6,9492,0.3,1,0.3,13.1,14,9493,0.4,0.6,0.6,12.3,13.6,9494,0.5,0.9,0.3,14.1,16.4,14.9,1.322,,
,,234.7,Halite,,,,,,,,,,,,,,,,,,,,,,,,,,
,,235,,,,,,,,,,,,,,,,,,,,,,,,,,,
,,235.3,,,,,,,,,,,,,,,,,,,,,,,,,,,
,,235.6,,,,,,,,,,,,,,,,,,,,,,,,,,,
,,235.9,,,,,,,,,,,,,,,,,,,,,,,,,,,
,,236.2,,,,,,,,,,,,,,,,,,,,,,,,,,,
,,236.5,,,,,,,,,,,,,,,,,,,,,,,,,,,
,,236.8,,,,,,,,,,,,,,,,,,,,,,,,,,,
,,237.1,,,,,,,,,,,,,,,,,,,,,,,,,,,
,9495,237.4,0.4,0.5,1,13.3,14.4,9496,0.4,0.7,0.9,14.1,15.6,9497,0.4,1,0.5,14,16.4,9498,0.4,0.8,0.4,12.5,14.4,15.2,0.98,,
,9499,237.7,0.5,0.8,0.4,13.9,16,9500,0.4,0.6,1,13.8,15.2,9501,0.4,0.8,0,12,12.8,9502,0.4,0.9,0.5,13.6,15.6,14.9,1.438,,
,9503,238,0.4,0.6,1,13.8,15.2,9504,0.4,0.6,0.7,13,14,9505,0.5,0.6,0.9,14.1,16.4,9506,0.4,0.4,1.2,13.4,14.4,15,1.058,,
,9507,238.3,0.6,0.8,0.9,16.7,19.6,9508,0.5,0.9,0.8,16.3,18.4,9509,0.6,0.8,0.9,16.8,19.6,9510,0.5,0.9,0.7,15.8,18,18.9,0.825,,
,,,,,,,0,,,,,,0,,,,,,0,,,,,,0,0,0,,
,9511,238.6,0.5,0.7,0.7,14.5,16.4,9512,0.4,0.9,0.9,15.5,17.2,9513,0.4,0.9,0.8,14.4,16.8,9514,0.4,0.9,0.8,14.4,16.8,16.8,0.327,,
,9515,238.9,0.4,0.9,0.7,14.2,16.4,9516,0.4,0.6,0.7,13.4,14,9517,0.5,0.9,0.5,14.7,17.2,9518,0.5,0.7,0.3,13,14.8,15.6,1.461,,
,9518,239.2,0.4,1.1,0.9,16.3,18.8,9519,0.5,0.7,0.9,15.7,17.2,9520,0.6,0.8,1.2,18.3,20.8,9521,0.4,0.6,1.1,14.1,15.6,18.1,2.224,,
,9522,239.5,0.4,0.9,0.4,14.1,15.2,9523,0.4,0.7,0.9,14.3,15.6,9524,0.4,1.1,0.5,14.6,17.2,9525,0.4,0.9,0,12.3,13.6,15.4,1.479,,
,9526,239.8,0.4,0.8,0.4,13.9,14.4,9527,0.4,0.8,0.5,13.4,14.8,9528,0.4,0.4,0.8,11.5,12.8,9529,0.3,0.7,0.7,12.7,13.2,13.8,0.952,,
,9530,240.1,0.4,0.5,0.8,12.3,13.6,9531,0.4,0.8,0.9,14.4,16.4,9532,0.4,0.8,0.7,14.6,15.6,9533,0.5,0.6,1,15.4,16.8,15.6,1.424,,
,9534,240.4,0.4,0.6,1,12.9,15.2,9535,0.4,0.8,0.3,12.2,14,9536,0.4,0.7,0.8,13.9,15.2,9537,0.4,0.5,1.2,13.6,15.2,14.9,0.6,,
,9538,240.7,0.6,0.8,0.5,15.7,18,9539,0.5,1.1,1.5,19.5,22.8,9540,0.5,0.6,0.5,14,14.8,9541,0.5,1.1,0.9,17.8,20.4,19,3.418,,
,9542,241,0.5,0.8,0.6,15.3,16.8,9543,0.4,0.6,0.9,13.9,14.8,9544,0.5,0.8,0.9,15.6,18,9545,16.2,0.4,1.1,0.9,,16.5,1.617,,
,9546,241.3,0.4,0.9,0.7,15.3,16.4,9547,0.5,0.9,0.3,14.3,16.4,9548,0.3,0.7,0.3,11.3,11.6,9549,0.4,0.9,0.7,14,16.4,15.2,2.4,,
,,,,,,,,,,,,,0,,,,,,0,,,,,,,,,,
,9550,241.6,0.5,1,0.7,16.5,18.8,9551,0.5,1.3,0.6,18.5,20.8,9552,0.4,1.1,1.1,17.8,19.6,9553,0.5,0.5,0.3,11.9,13.2,18.1,3.368,,
,9554,241.9,0.4,0.9,0.7,13.7,16.4,9555,0.4,1,0.5,14.8,16.4,9556,0.4,1.1,0.8,16,18.4,9557,0.5,0.9,0.5,14.3,17.2,17.1,0.945,,
,9558,242.2,0.4,0.6,1.5,15.6,17.2,9559,0.5,0.8,1.2,16.2,19.2,9560,0.4,0.9,0.6,14.5,16,9561,0.5,0.8,0.7,15.5,17.2,17.4,1.327,,
,9562,242.5,0.3,0.9,0.5,13,14,9563,0.5,0.9,0.6,15.7,17.6,9564,0.4,1.2,0.7,16.9,18.8,9565,0.4,0.8,0.9,14.6,16.4,16.7,2.049,,
,9566,242.8,0.5,0.6,0.9,14.2,16.4,9567,0.4,0.6,0.9,14,14.8,9568,0.4,1,1.3,17,19.6,9569,0.4,1,0.3,13.7,15.6,16.6,2.104,,
,9570,243.1,0.5,1,1.2,17.7,20.8,9571,0.5,1.3,0.4,17.3,20,9572,0.5,1.1,0.7,17,19.6,9573,0.5,1.3,1,18.7,22.4,20.7,1.238,,
,9574,243.4,0.4,0.6,0.9,13.6,14.8,9575,0.3,1.1,0.5,13.8,15.6,9576,0.4,0.7,1.2,14.8,16.8,9577,0.4,0.7,0.3,12.4,13.2,15.1,1.51,,
,9578,243.7,0.5,0.6,0.9,14.2,16.4,9579,0.5,1.4,0.9,20,22.8,9580,0.6,0.9,0.5,16.8,18.8,9581,0.5,0.6,1,15.8,16.8,18.7,2.928,,
,9582,244,0.6,1.4,0.4,19.7,22.4,9583,0.5,1.2,1.5,20.7,23.6,9584,0.5,1.1,0.6,16.5,19.2,9585,0.6,0.7,1.3,18.7,20.4,21.4,1.973,,
,9586,244.3,0.4,0.7,0.9,13.5,15.6,9587,0.4,0.7,0.5,12,14,9588,0.4,1,0.7,15.9,17.2,9589,0.3,1.2,0.9,15.9,18,16.2,1.774,,
,,,,,,,,,,,,,0,,,,,,0,,,,,,,,,,
,9590,244.6,0.5,0.8,0.5,15.2,16.4,9591,0.5,1.4,0.6,18.4,21.6,9592,0.4,0.8,1.1,16.1,17.2,9593,0.4,1,1,16.3,18.4,18.4,2.286,,
,9594,244.9,0.4,0.6,0.8,12.6,14.4,9595,0.5,1.1,0.2,14.9,17.6,9596,0.4,0.7,1.4,15,17.6,9597,0.4,0.8,0.5,13.7,14.8,16.1,1.74,,
,9598,245.2,0.5,0.7,1.1,16.1,18,9599,0.5,0.8,0.5,15.3,16.4,9600,0.5,1,0.9,17.3,19.6,9601,0.6,0.7,0.9,16.3,18.8,18.2,1.366,,
,9602,245.5,0.4,1,0.7,15.4,17.2,9603,0.4,1,1.3,17.6,19.6,9604,0.6,0.9,0.9,17.8,20.4,9605,0.5,1,0.9,17.1,19.6,19.2,1.386,,
,9606,245.8,0.4,0.9,0.9,14.7,17.2,9607,0.4,1.1,0.5,15.5,17.2,9608,0.4,0.9,0,11.8,13.6,9609,0.4,1.1,0.6,15.1,17.6,16.4,1.876,,
,9610,246.1,0.5,0.9,0.4,14.4,16.8,9611,0.5,0.5,1.2,14.7,16.8,9612,0.5,0.8,0.8,16.3,17.6,9613,0.4,0.8,0.5,12.8,14.8,16.5,1.194,,
,9614,246.4,0.5,0.6,0.4,12.9,14.4,9615,0.4,0.9,0.4,13.5,15.2,9616,0.4,1,0.9,15.4,18,9617,0.3,0.7,0.3,10.9,11.6,14.8,2.633,,
,9618,246.7,0.5,0.7,1.1,15.4,18,9619,0.5,0.6,1,14.4,16.8,9620,0.4,0.9,0.9,16,17.2,9621,0.5,0.9,0.9,16.2,18.8,17.7,0.887,,
,9622,247,0.4,0.9,0.3,12.6,14.8,9623,0.3,0.8,0.4,11.5,12.8,9624,0.4,0.9,0.3,12.6,14.8,9625,0.4,0.5,0.8,11.9,13.6,14,0.98,,
,9626,247.3,0.4,0.7,0.6,13.4,14.4,9627,0.4,0.6,0.8,13.3,14.4,9628,0.5,1,0.5,15.6,18,9629,0.5,0.6,0.7,14.2,15.6,15.6,1.697,,
,,,,,,,0,,,,,,0,,,,,,0,,,,,,,,,,
,9630,247.6,0.5,0.6,0.7,14.6,15.6,9631,0.5,0.8,0.5,14.4,16.4,9632,0.5,1,0.4,15.1,17.6,9633,0.4,0.9,0.1,12.5,14,15.9,1.51,,
,9634,247.9,0.4,0.5,0.5,11.7,12.4,9635,0.4,0.6,0.9,13.2,14.8,9636,0.4,0.5,0.8,11.6,13.6,9637,0.4,0.7,0.7,13.4,14.8,13.9,1.149,,
,9638,248.2,0.4,0.7,0.3,12.1,13.2,9639,0.5,0.9,0.5,15,17.2,9640,0.4,0.7,0.3,12.3,13.2,9641,0.5,0.7,0.7,15,16.4,15,2.104,,
,9642,248.5,0.5,0.6,0.5,12.7,14.8,9643,0.4,0.7,0.9,14,15.6,9644,0.4,0.7,0.5,12.4,14,9645,0.4,0.5,1.2,13.6,15.2,14.9,0.683,,
,9646,248.8,0.4,1.1,0.4,14.3,16.8,9647,0.4,1,0.3,14.3,15.6,9648,0.5,0.7,0.5,14.2,15.6,9649,0.3,0.9,0.9,13.7,15.6,15.9,0.6,,
,9650,249.1,0.4,0.9,0.4,13.9,15.2,9651,0.5,0.7,0.5,13.9,15.6,9652,0.4,0.9,0.9,15.7,17.2,9654,0.4,0.7,0.6,13.7,14.4,15.6,1.178,,
,9353,249.4,0.4,0.8,0.4,12.8,14.4,9655,0.3,0.9,0.6,12.9,14.4,9656,0.4,0.8,0.2,12.6,13.6,9657,0.3,0.7,0.7,11.8,13.2,13.9,0.6,,
,9658,249.7,0.5,0.7,0.7,14.7,16.4,9659,0.6,0.8,0.3,15,17.2,9660,0.5,0.9,1.5,18.3,21.2,9661,0.5,0.7,0.7,14.8,16.4,17.8,2.298,,
,9662,250,0.4,0.7,0.9,14.1,15.6,9663,0.4,0.7,0.4,12.6,13.6,9664,0.4,0.8,0.6,13.5,15.2,9665,0.5,0.5,0.9,14.3,15.6,15,0.952,,
,966x,250.3,0.4,0.8,0.6,13.6,15.2,9667,0.4,1.1,0.5,15.4,17.2,9668,0.4,1,1.1,16.6,18.8,9669,0.4,0.5,0.8,12.5,13.6,16.2,2.274,,
,,,,,,,,,,,,,0,,,,,,0,,,,,,,,,,
,9670,250.6,0.5,0.5,1.6,17,18.4,9671,0.4,1,0.6,14.4,16.8,9672,0.4,1.1,0.9,16.2,18.8,9673,0.5,0.9,0.3,15.3,16.4,17.6,1.178,,
,9674,250.9,0.4,1,1,15.6,18.4,9675,0.4,0.8,0.3,13,14,9676,0.4,0.8,0.9,14.1,16.4,9677,0.3,0.7,1.2,13.4,15.2,16,1.876,,
,9678,251.2,0.5,0.7,1.1,16.1,18,9679,0.4,0.6,0.7,13.1,14,9680,0.4,1.3,0.5,16.1,18.8,9681,0.5,1,0.6,15.5,18.4,17.3,2.224,,
,9682,251.5,0.6,1.1,1.3,19.9,23.6,9683,0.5,1.2,0.9,19.2,21.2,9684,0.6,1.2,0.8,19.3,22.4,9685,0.4,1,0.5,15.1,16.4,20.9,3.156,,
,9686,251.8,0.5,0.5,1,13.9,16,9687,0.4,0.7,0.6,13,14.4,9688,0.3,0.8,0.4,12.2,12.8,9689,0.4,0.8,0.8,14,16,14.8,1.532,,
,9690,252.1,0.4,0.8,1,14.6,16.8,9691,0.4,0.8,0.1,13,13.2,9692,0.4,0.5,1.4,13.8,16,9693,0.4,0.9,0.9,14.5,17.2,15.8,1.804,,
,9694,252.4,0.4,0.8,0.8,13.9,16,9695,0.4,0.8,0.6,13.3,15.2,9696,0.4,0.8,0.4,13.2,14.4,9697,0.4,0.8,0.3,12.1,14,14.9,0.887,,
,9698,252.7,0.5,0.5,1.4,15.9,17.6,9699,0.5,1.1,0.7,16.9,19.6,9700,0.4,0.7,0.7,14,14.8,9701,0.4,1.2,0.7,16.5,18.8,17.7,2.101,,
,9702,253,0.4,1.1,0.7,16.2,18,9703,0.5,1.1,0.3,16.4,18,9704,0.4,0.6,0.6,11.9,13.6,9705,0.4,1,1.1,17,18.8,17.1,2.364,,
,9706,253.3,0.4,0.9,0.5,14.9,15.6,9707,0.4,0.7,0.8,14.1,15.2,9708,0.4,0.7,0.7,13.7,14.8,9709,0.4,0.8,0.5,13.2,14.8,15.1,0.383,,
,,,,,,,,,,,,,0,,,,,,0,,,,,,,,0,,
,9710,253.6,0.4,1.1,0.8,16.7,18.4,9711,0.5,0.7,0.7,14.9,16.4,9712,0.5,1.3,0,16.5,18.4,9713,0.5,0.8,0.7,15.7,17.2,17.6,0.98,,
,9714,253.9,0.4,0.6,0.6,11.9,13.6,9715,0.5,0.7,0.5,14,15.6,9716,0.3,0.8,1,13.8,15.2,9717,0.4,0.8,0.8,14.3,16,15.1,1.052,,
,9718,254.2,0.4,0.7,1.3,14.8,17.2,9719,0.5,1,0.9,17.4,19.6,9720,0.5,1,1,17.5,20,9721,0.5,1,0.5,16,18,18.7,1.322,,
,9722,254.5,0.5,0.6,1,14.7,16.8,9723,0.5,1,1.1,17.8,20.4,9724,0.4,0.7,0.8,14.6,15.2,9725,0.4,0.8,0.5,13,14.8,16.8,2.551,,
,9726,254.8,0.5,1.1,0.9,18.4,20.4,9727,0.5,0.7,0.9,16.2,17.2,9728,0.4,0.8,0.5,13.6,14.8,9729,0.5,1.3,0.6,18.7,20.8,18.3,2.835,,
,9730,255.1,0.5,0.9,0.7,16.5,18,9731,0.5,0.9,1.3,18.3,20.4,9732,0.5,0.9,0.9,17,18.8,9733,0.5,1,0.3,15.6,17.2,18.6,1.366,,
,9734,255.4,0.4,1,0.7,15.6,17.2,9735,0.4,1.3,0.9,18,20.4,9736,0.4,0.9,0.5,13.3,15.6,9737,0.4,0.8,0.6,12.9,15.2,17.1,2.364,,
,9738,255.7,0.4,1,0.9,15.9,18,9739,0.4,0.9,0.7,15.1,16.4,9740,0.5,0.9,0.5,15,17.2,9741,0.5,0.8,1.3,17.2,19.6,17.8,1.366,,
,9742,256,0.5,1.2,0.7,18.5,20.4,9743,0.5,1,0.7,16.6,18.8,9744,0.5,1.5,0.8,21,23.2,9745,0.5,1.4,0.8,20.2,22.4,21.2,1.987,,
,9746,256.3,0.4,0.9,0.4,14.2,15.2,9747,0.4,0.8,0.5,13.7,14.8,,,,,,,,,,,,,15,0.283,,
,,,,,,,,,,,,,,,,,,,,,,,,,,,,,
,9747,256.6,0.4,0.6,1.1,14.5,15.6,9748,0.5,1.1,0.9,17.6,20.4,9749,0.6,1.2,0.5,18.1,21.2,9750,0.6,0.9,0.9,18,20.4,19.4,2.561,,
,9751,256.9,0.3,1.1,0.9,15.4,17.2,9752,0.4,0.7,0.3,12.5,13.2,9753,0.4,0.8,0.5,13.8,14.8,9754,0.4,0.8,1.3,16.5,18,15.8,2.203,,
,9755,257.2,0.5,0.8,1.3,17.7,19.6,9756,0.5,0.8,0.9,15.8,18,9757,0.5,0.8,1.3,17.6,19.6,9758,0.5,1.1,1,18.5,20.8,19.5,1.149,,
,9759,257.5,0.5,0.9,1.4,18.6,20.8,9760,0.6,0.4,1.5,16.5,18.8,9761,0.5,1.1,0.4,16.2,18.4,9762,0.6,1.3,0.6,20.1,22.4,20.1,1.858,,
,9763,257.8,0.4,0.7,0.2,11.1,12.8,9764,0.4,0.9,1.1,16.2,18,9765,0.4,0.9,0.4,13.4,15.2,9766,0.4,0.5,1.2,13.5,15.2,15.3,2.126,,
,9767,258.1,0.4,0.9,0.5,14,15.6,9768,0.4,1,0.6,15.9,16.8,9769,0.5,0.8,1,16.3,18.4,9770,0.5,1.2,0.4,17.7,19.2,17.5,1.612,,
,9771,258.4,0.5,0.9,1.2,17.8,20,9772,0.4,1.1,0.6,15.8,17.6,9773,0.4,0.9,0.5,14.5,15.6,9774,0.5,1,0.9,16.3,19.6,18.2,2.026,,
,9775,258.7,0.5,1.1,0.9,18.4,20.4,9776,0.6,0.5,1.1,15.4,18,9777,0.6,1.2,0.9,20.3,22.8,9778,0.5,1,0.7,17.5,18.8,20,2.117,,
,9779,259,0.5,1.3,1.1,20.6,22.8,9780,0.5,0.9,0.9,16.1,18.8,9781,0.6,0.8,1.1,17.8,20.4,9782,0.5,0.5,0.9,15.1,15.6,19.4,3.02,,
,9783,259.3,0.5,1.2,1,19.5,21.6,9784,0.6,1.1,1,20.5,22.4,9785,0.7,1.2,0.8,21,24,9786,0.6,1,0.6,17.7,20,22,1.665,,
,,,,,,,,,,,,,0,,,,,,0,,,,,,,,,,
,8708,259.6,0.5,1.3,0.4,,20,8709,0.6,0.9,1.4,19.1,22.4,8710,0.5,1.2,1.2,20.2,22.4,8711,0.7,1.1,0.7,20.5,22.8,21.9,1.281,,
,8712,259.9,0.5,1,0.7,17.6,18.8,8713,0.6,1,1.2,19.3,22.4,8714,0.5,1.4,1,20.6,23.2,8715,0.5,0.6,0.5,14.1,14.8,19.8,3.844,,
,8716,260.2,0.6,1.1,0.8,18.9,21.6,8719,0.5,1.1,1.1,18.6,21.2,8720,0.6,1,0.9,18.6,21.2,8721,0.6,0.7,1.5,18.8,21.2,21.3,0.2,,
,8722,260.5,0.5,0.8,1.1,16.2,18.8,8723,0.5,0.6,0.9,14.4,16.4,8724,0.6,0.7,0.9,16.7,18.8,8725,0.5,0.7,0.5,14.1,15.6,17.4,1.649,,
,8726,260.8,0.5,0.7,0.7,15.1,16.4,8727,0.4,1,1.4,18,20,8728,0.5,0.9,0.7,15.1,18,8729,0.5,0.5,0.9,14.3,15.6,17.5,1.943,,
,8730,261.1,0.5,0.8,0.9,15.8,18,8731,0.5,1.1,0.7,17.5,19.6,8732,0.5,1,0.6,16.9,18.4,8733,0.6,1,0.7,17.2,20.4,19.1,1.102,,
,8734,261.4,0.5,1,0.8,16.6,19.2,8735,0.5,0.8,0.9,15.6,18,8736,0.4,0.6,1,13.8,15.2,8737,0.4,1.1,0.8,16.1,18.4,17.7,1.74,,
,8738,261.7,0.5,1,0.7,16.5,18.8,8739,0.5,0.7,1.1,17,18,8740,0.5,0.9,1,17,19.2,8741,0.5,0.9,0.8,17.3,18.4,18.6,0.516,,
,8742,262,0.6,1,1.2,19.4,22.4,8743,0.5,0.5,0.7,13.9,14.8,8744,0.5,1.1,1.2,19.2,21.6,8745,0.4,0.7,0.9,14.6,15.6,18.6,3.953,,
,8746,262.3,0.4,0.8,0.5,12.9,14.8,8747,0.5,1.6,1,18.3,24.8,8748,0.5,0.7,0.7,15,16.4,8749,0.4,0.8,0.7,13.6,15.6,17.9,4.646,,
,,,,,,,,,,,,,,,,,,,,,,,,,,,,,
,7184,262.6,0.6,0.9,0.9,18.5,20.4,7185,0.5,1,0.6,15.4,18.4,7186,0.5,1.1,0.8,17.7,20,7187,0.6,0.5,1.3,16.7,18.8,19.4,0.952,,
,7188,262.9,0.4,0.8,0.9,14.9,16.4,7189,0.5,0.8,0.5,14.7,16.4,7190,0.5,0.6,0.5,13.2,14.8,7191,0.4,0.8,0.9,15.6,16.4,16,0.8,,
,7192,263.2,0.6,0.7,0.8,16.6,18.4,7193,0.6,1,0.9,18.6,21.2,7194,0.5,1.2,0.8,18.6,20.8,7195,0.6,0.9,1.3,19,22,20.6,1.549,,
,7196,263.5,0.4,1.1,1.2,17.2,20,7197,0.5,0.9,1,16.5,19.2,7198,0.5,0.9,0.7,16.3,18,7199,0.4,0.9,0.9,15.7,17.2,18.6,1.244,,
,7200,263.8,0.5,0.9,0.5,15.2,17.2,7201,0.6,0.5,0.3,13.4,14.8,7202,0.5,0.7,1.1,15.8,18,7203,0.4,1.1,0.7,16.4,18,17,1.514,,
,7204,264.1,0.6,0.7,0.9,16.2,18.8,7205,0.5,0.7,0.5,14.2,15.6,7206,0.5,0.7,0.8,14.5,16.8,7207,0.4,1.3,0.6,17.3,19.2,17.6,1.697,,
,7208,264.4,0.4,0.9,0.5,14.2,15.6,7209,0.4,1.1,1.2,16.8,20,7210,0.4,1.2,0,14.8,16,7211,0.5,0.7,1.1,15.6,18,17.4,2.026,,
,7212,264.7,0.6,0.9,1.2,19.4,21.6,7213,0.5,1.2,1.1,19.1,22,7214,0.6,1,1.1,19.1,22,7215,0.5,1,0.3,15.6,17.2,20.7,2.341,,
,7216,265,0.6,0.8,0.5,15.9,18,7217,0.5,0.8,0.7,15.3,17.2,7218,0.6,0.7,0.9,17.2,18.8,7219,0.5,1.1,0.4,16.8,18.4,18.1,0.683,,
,7220,265.3,0.6,0.5,1.1,16.2,18,7221,0.5,0.5,1.3,15.9,17.2,7222,0.4,1.1,1.1,17.1,19.6,7223,0.4,0.8,1.1,15.6,17.2,18,1.131,,
,,,,,,,,,,,,,,,,,,,,,,,,,,,,,
,8750,265.6,0.4,1.1,0.3,15.1,16.4,8751,0.5,0.7,0.9,15.1,17.2,8752,0.4,0.8,0.9,15.5,16.4,8753,0.6,0.8,0.9,18.1,19.6,17.4,1.514,,
,8754,265.9,0.4,0.8,0.9,14.8,16.4,8755,0.5,0.9,0.2,14.5,16,8756,0.4,0.8,0.9,14.5,16.4,8757,0.4,1,0.3,13.6,15.6,16.1,0.383,,
,8758,266.2,0.5,1,0.3,15.5,17.2,8759,0.6,0.8,0.4,16.3,17.6,8760,0.6,1,1.2,19.6,22.4,8761,0.5,0.8,0.8,16.8,17.6,18.7,2.474,,
,8762,266.5,0.4,0.9,0.9,15.3,17.2,8763,0.3,0.8,0.5,12.2,13.2,8764,0.4,1.1,0.3,14.8,16.4,8765,0.4,0.7,0.7,13.6,14.8,15.4,1.774,,
,8766,266.8,0.5,1.1,0.2,16.1,17.6,8767,0.5,0.6,0.8,14.5,16,8768,0.5,0.7,0.5,13.9,15.6,8769,0.5,0.9,0.7,16.7,18,16.8,1.178,,
,8770,267.1,0.6,0.6,1.3,17.2,19.6,8771,0.4,0.9,0.4,14,15.2,8772,0.5,0.7,0.8,15.2,16.8,8773,0.4,0.9,0.6,14.5,16,16.9,1.915,,
,8775,267.4,0.4,0.8,0.3,12.7,14,8776,0.4,0.8,0.5,13.2,14.8,8777,0.4,1.1,0.5,14.9,17.2,8778,0.5,1,0.6,15.5,18.4,16.1,2.049,,
,8779,267.7,0.6,0.9,1.2,19.4,21.6,8780,0.6,0.7,0.6,16.1,17.6,8781,0.5,1,1,17.8,20,8782,0.5,0.7,0.8,0.8,16.8,19,2.203,,
,8783,268,0.5,1,0.3,15.5,17.2,8784,0.4,1.3,0.6,15.9,19.2,8785,0.5,0.9,0.8,15.8,18.4,8786,0.5,1.1,0.5,16.5,18.8,18.4,0.864,,
,8787,268.3,0.5,1.2,0.8,18.8,20.8,8788,0.6,0.9,1.1,19.3,21.2,8789,0.6,0.6,1.1,17.3,18.8,8790,0.5,1,0.7,16.9,18.8,19.9,1.281,,
,,,,,,,,,,,,,,,,,,,,,,,,,,,,,
,7224,268.6,0.6,1.3,0.8,20.2,23.2,7225,0.6,0.9,1.9,21.4,24.4,7226,0.6,0.8,1.1,18.8,20.4,7227,0.6,0.9,1.4,20.4,22.4,22.6,1.681,,
,7228,268.9,0.5,1.4,0.8,19.5,22.4,7229,0.6,1.5,0.5,20.6,23.6,7230,0.5,1.1,0.9,19.2,20.4,7231,0.5,0.9,1.1,17.8,19.6,21.5,1.829,,
,7232,269.2,0.6,1.1,0.6,18.2,20.8,7233,0.6,0.9,1.5,19.9,22.8,7234,0.6,0.8,0.7,16.7,18.8,7235,0.5,0.8,0.6,15.1,16.8,19.8,2.582,,
,7236,269.5,0.5,0.9,0.9,16.9,18.8,7237,0.5,0.7,0.8,15.4,16.8,7238,0.5,0.9,1.1,16.7,19.6,7239,0.5,1.1,0.7,16.9,19.6,18.7,1.322,,
,7240,269.8,0.5,1,0.7,16.7,18.8,7241,0.5,1.5,1,20.4,24,7242,0.5,1.3,0.6,18.6,20.8,7243,0.6,1.2,1.1,20.1,23.6,21.8,2.455,,
,7244,270.1,0.5,0.9,0.7,16.5,18,7245,0.5,0.8,1.1,17,18.8,7246,0.6,0.5,0.9,16.2,17.2,7247,0.4,0.9,1.1,16.7,18,18,0.653,,
,7248,270.4,0.5,1.1,1,17.9,20.8,7249,0.5,1.1,0.9,17.8,20.4,7250,0.5,0.7,0.6,14.8,16,7251,0.5,1.1,0.4,16.3,18.4,18.9,2.2,,
,7252,270.7,0.5,1.1,0.6,17.1,19.2,7253,0.5,1.1,0.3,17,18,7254,0.5,1,0.9,17.9,19.6,7255,0.5,0.8,0.5,15.2,16.4,18.3,1.438,,
,7256,271,0.6,0.6,1.7,19,21.2,7257,0.5,1,0.9,17.6,19.6,7258,0.7,0.9,1,20.5,22.4,7259,0.6,0.7,1.3,18,20.4,20.9,1.194,,
,7260,271.3,0.6,0.6,0.8,15.5,17.6,7261,0.5,0.8,0.3,14.1,15.6,7262,0.4,1.2,0.6,16.6,18.4,7263,0.5,1.1,0.5,17.1,18.8,17.6,1.424,,
,,,,,,,0,,,,,,0,,,,,,0,,,,,,,,,,
,8791,271.6,0.5,0.9,0.9,16.9,18.8,8792,0.6,0.8,1,18.6,20,8793,0.6,1.1,0.8,18.7,21.6,8794,0.5,1.2,0.6,17.2,20,20.1,1.149,,
,8795,271.9,0.5,1,0.7,17.2,18.8,8796,0.5,0.9,0.4,14.5,16.8,8797,0.5,0.8,1.1,16.4,18.8,8798,0.5,1,0.9,18.3,19.6,18.5,1.194,,
,8799,272.2,0.5,1.1,1.4,19.7,22.4,8800,0.5,0.8,1.2,18,19.2,8801,0.4,1,0.6,15.3,16.8,8802,0.6,1,1.1,19.1,22,20.1,2.62,,
,8803,272.5,0.4,0.7,0.9,14.3,15.6,8804,0.5,1,0.9,17.4,19.6,8805,0.5,0.7,0.6,14.4,16,8806,0.5,0.8,0.9,15.4,18,17.3,1.858,,
,8807,272.8,0.6,1,1.2,19.4,22.4,8808,0.6,1.2,0.4,19.4,20.8,8809,0.6,0.8,0.7,17.1,18.8,8810,0.6,0.8,1.3,19.2,21.2,20.8,1.497,,
,8811,273.1,0.6,0.7,0.6,16.4,17.6,8812,0.5,1.1,1.6,20.9,23.2,8813,0.5,1.1,1.1,18.8,21.2,8814,0.5,0.6,0.8,15,16,19.5,3.288,,
,8815,273.4,0.5,1.2,0,16.4,17.6,8816,0.5,1,0.8,16.9,19.2,8817,0.5,1,0.3,15.2,17.2,8818,0.5,0.8,0.7,15.7,17.2,17.8,0.952,,
,8819,273.7,0.9,0.8,1.3,18.5,26,8820,0.5,0.9,0.9,17.3,18.8,8821,0.5,1,0.3,15.7,17.2,8822,0.6,0.7,0.8,16.9,18.4,20.1,3.992,,
,8823,274,0.5,1,0.6,16.5,18.4,8824,0.5,0.9,0.7,15.1,18,8825,0.6,0.6,0.9,16.8,18,8826,0.5,0.9,1.3,18.4,20.4,18.7,1.149,,
,8827,274.3,0.5,1,0.6,16.6,18.4,8828,0.6,0.7,0.9,16.1,18.8,8829,0.5,1,1.1,18.2,20.4,8830,0.6,0.8,1.3,19.7,21.2,19.7,1.322,,
,,,,,,,0,,,,,,0,,,,,,0,,,,,,,,,,
,8831,274.6,0.6,0.9,0.3,15.5,18,8832,0.6,1,0.6,18.2,20,8833,0.5,1.2,1.3,20.1,22.8,8834,0.6,1,0.9,19.4,21.2,20.5,2.023,,
,8835,274.9,0.5,1,0.9,17.7,19.6,8836,0.5,1,0.8,16.3,19.2,8837,0.6,0.7,1.1,18.6,19.6,8838,0.5,0.8,1.1,17.5,18.8,19.3,0.383,,
,8839,275.2,0.6,0.9,0.9,17.3,20.4,8840,0.6,0.6,0.7,15.3,17.2,8841,0.6,1,0.9,18.5,21.2,8842,0.7,1.1,0.6,20.2,22.4,20.3,2.224,,
,8843,275.5,0.8,1.3,1,23.7,27.2,8844,0.7,1,0.8,20,22.4,8845,0.7,1.3,1.1,23,26,8846,0.7,1.1,0.6,20.9,22.4,24.5,2.474,,
,8847,275.8,0.7,0.8,1.6,21.4,24,8848,0.7,1.1,1.5,23.5,26,8849,0.9,0.6,1,21.1,23.2,8850,0.7,1.7,0.9,25.2,28.4,25.4,2.321,,
,8851,276.1,0.7,0.8,0.7,18.1,20.4,8852,0.6,0.9,0.7,17.8,19.6,8853,0.6,1.4,0.9,21,24.4,8854,0.6,0.9,0.9,18.2,20.4,21.2,2.166,,
,8855,276.4,0.6,1.5,0.4,20.5,23.2,8856,0.7,1.5,0.9,22.9,26.8,8857,0.6,1.6,1,23,26.4,8858,0.6,1.2,0.9,20.9,22.8,24.8,2.091,,
,8859,276.7,0.6,1.4,1,21.9,24.8,8860,0.7,0.8,1.1,19.1,22,8861,0.5,1.4,1,20.7,23.2,8862,0.6,1,1,18.7,21.6,22.9,1.438,,
,8863,277,0.7,0.6,1.7,21.6,22.8,8864,0.7,1.3,1.4,23.2,27.2,8865,0.7,1.2,1.5,23.7,26.8,8866,0.8,0.9,1.3,22.3,25.2,25.5,1.997,,
,8867,277.3,RUBBLE ZONE,,,,,,,,,,,,,,,,,,,,,,,,,,
,,,,,,,,,,,,,,,,,,,,,,,,,,,,,
,8489,277.6,0.6,1.3,1,21.1,24,8490,0.7,1.5,0.8,22.6,26.4,8491,0.7,1.5,1,23.8,27.2,8492,0.7,1.4,1.2,23.6,27.2,26.2,1.514,65,
,8493,277.9,0.7,1.2,1.4,23.8,26.4,8494,0.7,1.3,1.3,23.9,26.8,8495,0.7,0.9,1.2,20.8,23.2,8496,0.7,1.6,1.2,25.1,28.8,26.3,2.318,67,
,8497,278.2,0.8,1.2,0.9,23.3,26,8498,0.7,1.3,1.7,25.6,28.4,8499,0.8,1.3,1.3,24.7,28.4,8500,0.8,2,0.5,27.5,30.8,28.4,1.96,70,
,8501,278.5,0.7,1.1,1.2,22.2,24.8,8502,0.8,0.8,1.1,20.9,23.6,8503,0.8,1.1,1,22.3,25.6,8504,0.7,1.2,0.6,20.6,23.2,24.3,1.102,61,
,8505,278.8,0.6,1.2,0.6,18.7,21.6,8506,0.6,0.9,0.6,17.5,19.2,8507,0.6,1.2,1,21.1,23.2,8508,0.6,1.2,0.5,18.5,21.2,21.3,1.645,60,
,8509,279.1,0.4,1.5,1.2,20.9,23.2,8510,0.6,1.4,0.4,,22.4,8511,0.6,1.2,1,19.9,23.2,8512,0.6,1.4,0.5,20,22.8,22.9,0.383,60,
,8513,279.4,0.6,1.2,1.2,20.6,24,8514,0.4,1.5,1.1,20.3,22.8,8515,0.5,1.2,0.9,18.2,21.2,8516,0.5,1.4,0.8,20.4,22.4,22.6,1.155,61,
,8517,279.7,0.6,1.3,1.3,22.1,25.2,8518,0.6,1.4,1.2,23.3,25.6,8519,0.6,1.5,0.8,22,24.8,8520,0.5,1.7,0.3,20.4,22.8,24.6,1.244,66,
,8521,280,0.5,1.1,1,18.7,20.8,8522,0.6,1.2,0.8,20.1,22.4,8523,0.5,1.5,0.5,19.5,22,8524,0.5,1.8,0.6,21.7,24.8,22.5,1.677,65,
,8525,280.3,0.6,1.5,1.6,23.4,28,8526,0.5,1.7,0.5,21,23.6,8527,0.5,1.2,0.7,18.4,20.4,8528,0.5,1.1,0.9,18.4,20.4,23.1,3.598,63,
,,,,,,,0,,,,,,0,,,,,,0,,,,,,,,,,
,8867,280.6,0.7,1.4,0.8,22.4,25.6,8868,0.7,1.4,1.4,24.4,28,8869,0.6,1.5,0.7,21.6,24.4,8870,0.7,1,1.3,22.7,24.4,25.6,1.697,,
,8872,280.9,0.5,1.3,1.1,19.6,22.8,8873,0.6,1.1,0.8,19.5,21.6,8874,0.6,2.2,1,23.7,31.2,8875,0.6,1.1,1.2,20.6,23.2,24.7,4.386,,
,8876,281.2,0.6,1.6,1.1,23.9,26.8,8877,0.7,1.4,1.2,23.1,27.2,8878,0.6,1.5,0.9,22.1,25.2,8879,0.7,1.2,1.2,23,25.6,26.2,0.952,,
,8881,281.5,0.6,1.7,0.7,22.3,26,8882,0.6,1.5,0.6,20.7,24,8883,0.6,1.2,0.9,20.6,22.8,8884,0.6,1.6,1.4,24.2,28,25.2,2.286,,
,8886,281.8,0.6,1.2,0.3,17.9,20.4,8887,0.6,1.4,0.7,21.1,23.6,8888,0.6,1.1,1.3,21.6,23.6,8889,0.5,1.5,0.6,19.8,22.4,22.5,1.51,,
,8890,282.1,0.7,1.2,1.2,22.1,25.6,8891,0.6,1.2,0.7,19.2,22,8892,0.7,1.3,0.6,20.9,24,8893,0.6,1.1,1.2,20.8,23.2,23.7,1.51,,
,8894,282.4,0.6,1.3,0.9,20.6,23.6,8895,0.5,1.5,0.8,20.9,23.2,8896,0.6,1.6,1.1,23.3,26.8,8897,0.5,1.5,1.2,21.9,24.8,24.6,1.617,,
,8898,282.7,0.5,1.7,1.2,23.8,26.4,8899,0.5,1.5,1.2,22.2,24.8,8900,0.6,1.1,1.1,20.1,22.8,8901,0.7,1.5,0.7,23.9,26,25,1.617,,
,8902,283,0.5,1.5,0.4,18.8,21.6,8903,0.6,1.7,1.2,24.2,28,8904,0.5,1.7,1,22.2,25.6,8905,0.5,1.2,0.9,24.9,21.2,24.1,3.272,,
,8906,283.3,0.5,1.6,1,18.1,24.8,8907,0.4,1.8,0.5,20.7,22.8,8908,0.5,1.5,1,21.3,24,8910,0.6,1.1,1,19.8,22.4,23.5,1.102,,
,8911,283.6,0.6,1.5,1.2,23.2,26.4,8912,0.5,1.4,1,20.8,23.2,8913,0.6,1.4,0.8,21.3,24,8914,0.7,1.2,0.5,20.8,22.8,24.1,1.612,,
,8915,283.9,0.6,1.5,0.7,21.4,24.4,8916,0.6,1.2,1,21.3,23.2,8917,0.5,1.3,1,20.2,22.4,8918,0.5,1.5,0.4,19.7,21.6,22.9,1.194,,
,8919,284.2,0.6,1.7,0.6,22.1,25.6,8929,0.6,1.1,0.8,19.7,21.6,8921,0.6,1.2,0.7,19.5,22,8922,0.7,1.7,1.2,25.4,29.6,24.7,3.729,,
,8923,284.5,0.7,1.4,1.3,23.7,27.6,8924,0.6,1.5,1,22.6,25.6,8925,0.6,1.4,0.3,20.3,22,8926,0.5,1.2,1,19.5,21.6,24.2,2.894,,
,8927,284.8,0.5,1.2,0.2,16.8,18.4,8928,0.6,1.3,0.5,19.4,22,8929,0.5,1.8,0.7,21.5,25.2,8930,0.5,1.5,0.8,20.2,23.2,22.2,2.857,,
,,,,,,,0,,,,,,0,,,,,,0,,,,,,,,,,
,8931,285.1,0.5,1.6,1,21.1,24.8,8932,0.5,1.5,0.8,20.4,23.2,8933,0.6,1.6,0.8,23.1,25.6,8934,0.5,1.2,1.3,21.1,22.8,24.1,1.322,,
,8935,285.4,0.6,1.5,0.4,19.9,23.2,8936,0.5,1.4,0.4,18.2,20.8,8937,0.6,0.9,0.9,17.2,20.4,8938,0.5,1.5,0.8,19.3,23.2,21.9,1.51,,
,8940,285.7,0.6,1.2,0.7,18.8,22,8941,0.6,0.9,1.1,18.5,21.2,8942,0.7,1.2,0.6,19.8,23.2,8943,0.7,0.9,0.7,18.6,21.2,21.9,0.945,,
,8944,286,0.5,1.1,0.6,18,19.2,8945,0.5,1.3,0.6,18.8,20.8,8946,0.5,0.9,0.4,15.3,16.8,8947,0.6,0.8,0.7,16.5,18.8,18.9,1.645,,
,8948,286.3,0.5,1.2,0.5,18.2,19.6,8949,0.5,0.7,1.3,16.7,18.8,8950,0.5,0.9,1,16.3,19.2,8951,0.5,1,0.7,17.2,18.8,19.1,0.383,,
,8951,286.6,0.5,1.2,0.6,18.4,20,8952,0.5,0.9,0.7,16.4,18,8953,0.6,0.7,0.5,15.5,17.2,8954,0.6,1,0.7,17.6,20.4,18.9,1.545,,
,8955,286.9,0.6,0.9,0.9,18.6,20.4,8956,0.5,1.1,0.9,18.3,20.4,8957,0.5,1.1,0.5,16.4,18.8,8958,0.5,1.1,0.8,17.1,20,19.9,0.757,,
,8959,287.2,0.6,1,0.9,18.5,21.2,8960,0.6,1.3,1,21.5,24,8961,0.5,1.4,0.8,19,22.4,8962,0.5,1.2,0.7,18.2,20.4,22,1.566,,
,8963,287.5,0.6,1.1,0.7,18.5,21.2,8964,0.6,1.1,0.6,18,20.8,8965,0.5,0.6,0.8,14.4,16,8966,0.5,1.3,1,19.8,22.4,20.1,2.817,,
,8967,287.8,0.5,1,0.8,16.9,19.2,8968,0.6,0.7,1.1,16.6,19.6,8969,0.5,0.9,0.5,15.9,17.2,8970,0.4,0.9,1.5,17.6,19.6,18.9,1.149,,
,,,,,,,0,,,,,,0,,,,,,0,,,,,,,,,,
,8971,288.1,0.5,0.9,0.5,15,17.2,8972,0.5,1,1.4,18.8,21.6,8973,0.5,1.1,0.4,16.9,18.4,8974,0.5,0.9,0.7,15.9,18,18.8,1.932,,
,8975,288.4,0.4,1.3,0.8,18.2,20,8976,0.4,0.8,0.7,14.3,15.6,8977,0.5,0.8,0.5,14.6,16.4,8978,0.4,0.6,0.8,13.1,14.4,16.6,2.411,,
,8979,288.7,0.6,0.8,1.5,19.4,22,8980,0.5,0.8,0.8,15.2,17.6,8981,0.5,1.1,0.9,18,20.4,8982,0.4,1.2,0.7,16.8,18.8,19.7,1.915,,
,8983,289,0.5,0.9,0.9,16.4,18.8,8984,0.5,1.2,0.8,18.3,20.8,8985,0.5,0.7,1.3,16.4,18.8,8986,16.7,0.5,1.1,0.4,,19.5,1.155,,
,8987,289.3,0.6,1.2,0.8,19.8,22.4,8988,0.6,0.8,0.9,18.6,19.6,8989,0.6,0.9,0.1,19.1,17.2,8999,0.6,0.8,0.9,17.5,19.6,19.7,2.126,,
,8990,289.6,0.7,0.7,1.1,19.1,21.2,8991,0.5,1.1,0.7,17.1,19.6,8992,0.6,1.6,0.8,22,25.6,8993,0.6,1.1,0.7,18.8,21.2,21.9,2.579,,
,8994,289.9,0.5,1,0.7,16.1,18.8,8995,0.5,1.2,0.2,16.7,18.4,8996,0.6,1.1,0,16.2,18.4,8997,0.5,1.1,0.6,17.1,19.2,18.7,0.383,,
,8998,290.2,0.7,1.2,0.9,22.2,24.4,8999,0.7,1.1,1.1,21.3,24.4,9000,0.6,1.5,1.1,23.7,26,9001,0.6,0.8,1.1,18.8,20.4,23.8,2.389,,
,9002,290.5,0.6,0.5,0.9,16.3,17.2,9003,0.5,1,0,14.8,16,9004,0.5,1.2,0.1,15.3,18,9005,0.5,1.2,0.5,17.4,19.6,17.7,1.51,,
,9006,290.8,0.5,0.9,0.9,16.7,18.8,9007,0.5,0.9,0.7,16.7,18,9008,0.5,0.9,0.9,17.4,18.8,9009,0.5,0.9,0.9,16.1,18.8,18.6,0.4,,
,,,,,,,0,,,,,,0,,,,,,0,,,,,,,,,,
,9010,291.1,0.6,1.2,0.7,19.8,22,9011,0.5,1.2,0.8,18.3,20.8,9012,0.6,1.1,0.4,17.6,20,9013,0.6,1.3,1,21.1,24,21.7,1.74,,
,9014,291.4,0.6,1.6,0.8,23.1,25.6,9015,0.4,1.2,0.6,17.1,18.4,9016,0.6,1.1,0.5,17.7,20.4,9017,0.5,1.1,1.2,18.4,21.6,21.5,3.035,,
,9018,291.7,0.6,1.2,0.8,19.6,22.4,9019,0.6,0.9,0.9,18.4,20.4,9020,0.5,0.9,0.8,16.8,18.4,9021,0.5,0.8,1.4,18.5,20,20.3,1.645,,
,9022,292,0.7,1.2,0.6,20.8,23.2,9023,0.7,1.3,0.6,20.5,24,9024,0.7,1.1,0.6,20.4,22.4,9025,0.7,1.5,0.7,22.8,26,23.9,1.545,,
,9026,292.3,0.6,1,1.3,19.9,22.8,9027,0.6,1.2,0.4,18.7,20.8,9028,0.6,0.8,0.4,16.1,17.6,9029,0.6,1.6,0.3,20.9,23.6,21.2,2.673,,
,9030,292.6,0.6,1.3,1.2,21.3,24.8,9031,0.5,1,0.7,16.9,18.8,9032,0.6,1,0.9,19,21.2,9033,0.6,1.1,0.7,18.9,21.2,21.5,2.474,,
,9034,292.9,0.6,0.6,1,16.9,18.4,9035,0.5,1,0.4,17,17.6,9036,0.5,1.2,0.6,17.6,20,9037,0.6,0.9,0.8,17.6,20,19,1.2,,
,9038,293.2,0.5,1.2,0.6,18.1,20,9039,0.6,0.6,1.1,16.9,18.8,9040,0.5,1.2,0.7,18.1,20.4,9041,0.6,0.9,1.4,19.2,22.4,20.4,1.497,,
,9042,293.5,0.4,1.5,0.9,19.6,22,9043,0.5,0.8,1,16.8,18.4,9044,0.4,1.3,1.3,19.6,22,9045,0.5,1,0.5,16.5,18,20.1,2.2,,
,9046,293.8,0.6,1,1.1,19.6,22,9047,0.4,1.4,1,19.4,21.6,9048,0.5,1.2,0.6,18,20,9049,0.5,0.9,0.6,16.2,17.6,20.3,1.997,,
,,,,,,,0,,,,,,0,,,,,,0,,,,,,,,,,
,9050,294.1,0.6,1.1,1.1,20.7,22.8,9051,0.6,1.1,0.8,18.8,21.6,9052,0.6,1.1,1.2,20.2,23.2,9053,0.5,1.6,1.3,22.9,26,23.4,1.862,,
,9054,294.4,0.5,1,0.9,17.9,19.6,9055,0.4,1.3,0.2,16.4,17.6,9056,0.5,1,1.3,18.4,21.2,9057,0.5,1,0.7,16.6,18.8,19.3,1.51,,
,9058,294.7,0.5,1.1,1,18,20.8,9059,0.6,1,0.9,18.6,21.2,9060,0.6,1.1,1.2,20.7,23.2,9061,0.4,1.2,0.9,17.7,19.6,21.2,1.497,,
,9062,295,0.5,1,0.7,17.1,18.8,9063,0.5,1.5,1,21.7,24,9064,0.5,1.4,1,20,23.2,9065,0.6,1,0.7,18.8,20.4,21.6,2.422,,
,9066,295.3,0.5,0.9,1.2,17.6,20,9067,0.6,0.9,0.9,18.2,20.4,9068,0.6,1.3,0.5,19.7,22,9069,0.5,1.4,0.9,19.8,22.8,21.3,1.322,,
,9070,295.6,0.6,1.4,1,21.6,24.8,9071,0.6,0.9,0.7,17.3,19.6,9072,0.6,1.2,0.7,19.4,22,9073,0.6,1.2,0.9,21.1,22.8,22.3,2.151,,
,9074,295.9,0.6,1.1,1.2,20.4,23.2,9075,0.5,1.3,0.6,18.2,20.8,9076,0.5,1,1.1,18.1,20.4,9077,0.6,1.3,1,22.1,24,22.1,1.77,,
,9078,296.2,0.6,1.2,1,20.8,23.2,9079,0.6,1,1,19,21.6,9080,0.5,1.2,1.5,20.8,23.6,9081,0.6,0.8,0.6,16.6,18.4,21.7,2.364,,
,9082,296.5,0.5,1.2,1.2,20.4,22.4,9083,0.6,1.3,0.7,21.1,22.8,9084,0.6,1.1,0.4,18,20,9085,0.7,1.1,0.6,20.6,22.4,21.9,1.281,,
,9086,296.8,0.5,1.4,0.9,20,22.8,9087,0.5,1.1,0.9,17.3,20.4,9088,0.6,1,0.8,18.5,20.8,9089,0.5,1.3,1,20.5,22.4,21.6,1.178,,
,,,,,,,0,,,,,,0,,,,,,0,,,,,,,,,,
,9090,297.1,0.6,1.2,0.7,20.1,22,9091,0.5,1.7,0.4,20.4,23.2,9092,0.7,1,0.6,19.9,21.6,9093,0.6,1,1.3,20.6,22.8,22.4,0.73,,
,9094,297.4,0.6,1,1.1,19.6,22,9095,0.6,1.4,1,21.7,24.8,9096,0.5,0.9,1.9,19.6,22.8,9097,0.6,1.4,1,21.7,24.8,23.6,1.424,,
,9098,297.7,0.6,0.6,1.3,17.7,19.6,9099,0.6,1.1,1.2,19.9,23.2,9100,0.6,1.2,1,20.5,23.2,9101,0.6,1.5,0.6,21.3,24,22.5,1.97,,
,9102,298,0.7,1.4,1.1,23.7,26.8,9103,0.8,1.3,0.8,23.7,26.4,9104,0.7,1.1,1.2,21.4,24.8,9105,0.7,1.3,1.2,23,26.4,26.1,0.887,,
,9106,298.3,0.5,1.3,1.7,21,25.2,9107,0.6,1.3,1.1,22.2,24.4,9108,0.6,1.3,1.3,21.7,25.2,9109,0.6,1.2,0.7,18.7,22,24.2,1.514,,
,9110,298.6,0.6,1.3,1,21.3,24,9111,0.7,1.3,1.2,23.3,26.4,9112,0.6,1.6,0.9,23.4,26,9113,0.7,1.5,0.8,22.9,26.4,25.7,1.149,,
,9114,298.9,0.6,1.2,0.9,21.2,22.8,9115,0.6,1.2,1.2,21,24,9116,0.6,1.2,1.2,21.8,24,9117,0.7,0.9,0.8,19.5,21.6,23.1,1.149,,
,9118,299.2,0.8,1.5,1.4,27.2,30.4,9119,0.7,1.2,1.6,24.6,27.2,9120,0.7,1.3,0.8,22.7,24.8,9121,0.7,1.4,1.8,26.6,29.6,28,2.53,,
,9122,299.5,0.6,1.5,0.9,22.2,25.2,9123,0.7,1.2,1.2,23.2,25.6,9124,0.7,0.8,0.8,18.5,20.8,9215,0.7,1.2,1.4,23,26.4,24.5,2.517,,
,9127,299.8,0.6,1.5,1,22.6,25.6,9128,0.7,1.1,1,21.5,24,9129,0.6,1.3,0.8,20.8,23.2,9130,0.6,1.3,0.8,21.2,23.2,24,1.131,,
,,,,,,,,,,,,,,,,,,,0,,,,,,,,,,
,6903,300.1,0.7,1.3,0.8,-,24.8,6904,0.7,1.4,0.8,22.5,25.6,6905,0.7,0.9,0.7,18.6,21.2,6906,0.6,1.1,0.9,20.3,22,23.4,2.129,,nSvh-1
,6907,300.4,0.6,1,0.5,16.8,19.6,6908,0.5,0.9,0.8,16.3,18.4,6909,0.6,0.9,1.4,20.2,22.4,6910,0.7,0.8,0.2,16.4,18.4,19.7,1.887,,
,6911,300.7,0.6,0.7,0.7,16.3,18,6012,0.6,0.6,1.1,17.2,18.8,6013,0.5,1,0.6,17.2,18.4,6914,0.5,1.1,0.7,17.9,19.6,18.7,0.683,,
,6915,301,0.4,0.9,0.3,13.8,14.8,6916,0.5,0.4,0.8,13.1,14.4,6917,0.5,0.9,1,17.4,19.2,6918,0.5,0.8,0.5,14.7,16.4,16.2,2.179,,
,6919,301.3,0.6,0.5,0.9,16,17.2,6920,0.6,0.7,0.7,15.5,18,6921,0.5,0.5,0.7,13.7,14.8,6922,0.5,0.6,1.4,15.7,18.4,17.1,1.612,,
,6923,301.6,0.6,0.7,1.1,17.3,19.6,6924,0.5,0.7,0.9,15.2,17.2,6925,0.4,1.1,0.9,16.9,18.8,6926,0.5,1.2,0.6,17.9,20,18.9,1.238,,
,6927,301.9,0.6,0.6,0.5,15.3,16.4,6928,0.4,1,0.7,15.8,17.2,6929,0.5,0.7,0.5,14.1,15.6,6930,0.5,0.8,0.3,13.6,15.6,16.2,0.766,,
,6931,302.2,0.5,0.9,0.9,17.5,18.8,6932,0.7,0.7,0.6,17.1,19.2,6933,0.5,1,0.9,17.2,19.6,6934,0.5,0.7,1.4,17,19.2,19.2,0.327,,
,6935,302.5,0.5,0.9,1.5,18,21.2,6936,0.4,0.9,0.9,15.9,17.2,6937,0.4,0.7,1,14.6,16,6938,0.5,0.6,0.5,13.4,14.8,17.3,2.778,,
,6939,302.8,0.5,0.8,0.6,15.5,16.8,6940,0.5,0.7,0.7,14.2,16.4,6941,0.5,1,0.9,17.5,19.6,6942,0.5,0.7,0.8,15,16.8,17.4,1.479,,
,,,,,,,,,,,,,,,,,,,,,,,,,,,,,
,6943,303.1,0.5,0.9,1,17.3,19.2,6944,0.4,0.9,1.1,16.5,18,6945,0.5,1.2,0.6,18.5,20,6946,0.4,0.9,1.1,15.6,18,18.8,0.98,,
,6947,303.4,0.5,1,0.4,15.2,17.6,6948,0.5,0.8,1.1,16.7,18.8,6949,0.6,0.7,0.5,14.8,17.2,6950,0.5,1,1.2,18,20.8,18.6,1.617,,
,6951,303.7,0.7,0.8,0.9,18.8,21.2,6952,0.6,0.8,0.9,17.9,19.6,6953,0.6,0.7,0.8,17.4,18.4,6954,0.6,1,1,18.6,21.6,20.2,1.479,,
,6955,304,0.4,1.4,0.2,16.6,18.4,6956,0.5,0.8,0.9,15.8,18,6957,0.4,0.7,0.5,12.8,14,6958,0.5,0.5,1.2,14.4,16.8,16.8,1.987,,
,6971,304.3,0.4,0.7,1,14.9,16,6972,0.4,1.1,0.7,16.4,18,6973,0.5,0.8,0.4,14.3,16,6974,0.5,0.5,1.1,14.3,16.4,16.6,0.952,,
,6959,304.6,0.5,0.7,0.5,13.9,15.6,6960,0.5,0.7,0.5,14.4,15.6,6961,0.5,0.9,1.1,16.5,19.6,6962,0.5,1.1,0.7,16.7,19.6,17.6,2.309,,
,6963,304.9,0.5,0.5,0.4,12.6,13.6,6964,0.4,0.8,0.5,13.2,14.8,6965,0.5,0.8,0.4,13.6,16,6966,0.5,1.1,0.5,16.1,18.8,15.8,2.227,,
,6967,305.2,0.5,1,0.9,17.1,19.6,6968,0.5,1,0.6,16.7,18.4,6969,0.5,1,1.1,18.7,20.4,6970,0.5,1.1,1.1,18.2,21.2,19.9,1.194,,
,6975,305.5,0.4,1,0.8,15.8,17.6,6976,0.6,0.7,0.3,14.9,16.4,6977,0.5,0.7,1.3,16.7,18.8,6978,0.5,0.8,0.5,14.7,16.4,17.3,1.149,,
,6979,305.8,0.5,1.1,1.3,20.1,22,6980,0.5,1,1.1,18.7,20.4,6981,0.6,1,0.2,16.4,18.4,6982,0.6,0.7,0.7,15.9,18,19.7,1.858,,
,,,,,,,,,,,,,,,,,,,,,,,,,,,,,
,6983,306.1,0.5,0.9,0.7,16.7,18,6984,0.5,1.1,0.8,17.2,20,6985,0.5,0.9,0.6,15.7,17.6,6986,0.5,1.3,0.6,18.5,20.8,19.1,1.545,,
,6987,306.4,0.6,0.8,1.1,18.5,20.4,6988,0.5,0.9,1.1,16.9,19.6,6989,0.5,1.1,0.6,16.1,19.2,6990,0.5,0.7,0.8,14.5,16.8,19,1.549,,
,6991,306.7,0.6,0.9,0.9,18.9,20.4,6992,0.6,1.3,0.6,19.9,22.4,6993,0.6,1.2,1.3,21.6,24.4,6994,0.6,1.2,0.3,18.6,20.4,21.9,1.915,,
,6995,307,0.5,1.2,0.4,16.8,19.2,6996,0.5,1.1,0.6,17.3,19.2,6997,0.5,0.9,0.8,15.9,18.4,6998,0.5,1,1.1,17.3,20.4,19.3,0.825,,
,6999,307.3,0.4,0.9,0.7,15.2,16.4,7000,0.5,1.1,1,18.1,20.8,7001,0.4,1,0.7,15.5,17.2,7002,0.4,1.3,1,18.3,20.8,18.8,2.332,,
,7003,307.6,0.6,1.2,0.4,18.9,20.8,7005,0.6,1.4,0.4,20,22.4,7006,0.5,1.3,0.8,19.3,21.6,7007,0.5,1.3,1,19.7,22.4,21.8,0.766,,
,7008,307.9,0.5,1.7,0.4,20.5,23.2,7009,0.5,1.4,1.2,20.9,24,7010,0.6,1.2,0.8,19.7,22.4,7011,0.5,1.1,0.7,17,19.6,22.3,1.915,,
,7012,308.2,0.7,0.8,0.7,18.5,20.4,7013,0.6,1,1.1,19.7,22,7014,0.7,1.2,0.4,19.9,22.4,7015,0.6,1.2,1.1,21,23.6,22.1,1.322,,
,7016,308.5,0.5,1.1,0.5,17.6,18.8,7017,0.5,1.7,0.6,20.2,24,7018,0.5,1.3,0.4,18.1,20,7019,0.5,0.9,1.4,18.7,20.8,20.9,2.224,,
,7020,308.8,0.6,1.1,0.4,17.9,20,7021,0.5,1.6,0.9,21.3,24.4,7022,0.5,1.6,0.4,19.5,22.4,7023,0.6,0.8,1.2,17.8,20.8,21.9,1.943,,
,,,,,,,,,,,,,,,,,,,,,,,,,,,,,
,7024,309.1,0.5,0.8,1.7,19,21.2,7025,0.5,1.3,0.7,19.2,21.2,7026,0.6,1.5,0.6,21.1,24,7027,0.6,1.4,1.1,21.8,25.2,22.9,2.023,,
,7028,309.4,0.5,1.2,1.4,20.4,23.2,7029,0.5,1.4,1.2,21.4,24,7030,0.6,1.6,1,22.7,26.4,7031,0.5,1.9,0.4,21.4,24.8,24.6,1.366,,
,7032,309.7,0.5,1.5,1,21,24,7033,0.5,1.6,0.9,22,24.4,7034,0.6,1.7,0.6,22.4,25.6,7035,0.6,1.3,1.1,22.3,24.4,24.6,0.693,,
,7036,310,0.7,1.4,1.1,24.3,26.8,7037,0.8,1.3,1.2,24.5,28,7038,0.7,1.3,1.1,23.5,26,7039,0.5,1.2,1,18.9,21.6,25.6,2.79,,
,7040,310.3,0.6,1.4,1,21.9,24.8,7041,0.4,1.6,1.1,20.8,23.6,7042,0.6,1.2,1.4,21.3,24.8,7043,0.5,1.4,1,21.5,23.2,24.1,0.825,,
,7044,310.6,0.5,1.7,1.2,21.9,26.4,7045,0.6,1.9,0.7,23.8,27.6,7046,0.6,1.6,0.6,21.9,24.8,7047,0.5,1.7,0.8,22,24.8,25.9,1.361,,
,7048,310.9,0.5,1.5,1,21.2,24,7049,0.5,1.8,0.4,21.2,24,7050,0.5,1.7,1,22,25.6,7051,0.5,1.5,1.3,21.5,25.2,24.7,0.825,,
,7052,311.2,0.7,1,1.5,22.1,25.2,7053,0.7,1.7,0.9,24.3,28.4,7054,0.6,1.3,1.2,21.5,24.8,7055,0.6,1.6,1,22.7,26.4,26.2,1.617,,
,7056,311.5,0.6,1.8,0.9,23.8,27.6,7057,0.6,1.4,1.3,23.5,26,7058,0.7,1.6,0.5,22.9,26,7059,0.6,1.6,1.1,23.1,26.8,26.6,0.766,,
,7060,311.8,0.6,1.6,0.7,22.3,25.2,7061,0.6,1.6,0.7,22.4,25.2,7062,0.5,1.7,0.9,22.2,25.2,7063,0.5,2.2,0.5,24.6,27.6,25.8,1.2,,
,,,,,,,,,,,,,,,,,,,,,,,,,,,,,
,7264,312.1,0.6,1.8,0.7,23.5,26.8,7265,0.6,1.6,1.7,26.2,29.2,7266,0.6,1.6,1.1,24.6,26.8,7267,0.7,1.3,1.1,22.9,26,27.2,1.386,,
,7268,312.4,0.6,1.6,0.6,22.2,24.8,7269,0.5,1.6,1.8,25.1,28,7270,0.5,1.6,1.2,22.7,25.6,7271,0.6,1.1,1.4,20.6,24,25.6,1.728,,
,7272,312.7,0.6,1.8,1.2,25.2,28.8,7273,0.6,1.3,0.8,19.9,23.2,7274,0.5,1.7,0.8,21.2,24.8,7275,0.6,1.5,1.2,24.1,26.4,25.8,2.389,,
,7276,313,0.6,1.3,1,20.8,24,7277,0.5,1.4,0.8,20.4,22.4,7278,0.7,1.4,1.2,23.7,27.2,7279,0.6,1.2,0.8,19.8,22.4,24,2.263,,
,7280,313.3,0.5,1.4,1.2,21.9,24,7281,0.5,1.9,1.2,23.8,28,7282,0.6,1.5,1,22.3,25.6,7283,0.7,1.6,0.8,23.1,27.2,26.2,1.774,,
,7284,313.6,0.6,1.2,1,20.9,23.2,7285,0.6,1,1.5,20.9,23.6,7286,0.6,1.6,1.4,24.8,28,7287,0.6,1.9,0.7,24.3,27.6,25.6,2.551,,
,7288,313.9,0.5,1.3,1.3,21.5,23.6,7289,0.5,1.4,1,20.6,23.2,7291,0.4,1.8,1,21.7,24.8,7292,0.5,1.6,0.9,21.5,24.4,24,0.73,,"7290 is wrong reading, skipped"
,7293,314.2,0.6,1.1,0.9,19.6,22,7294,0.6,1.2,1.4,21.9,24.8,7295,0.6,1,1.3,19.6,22.8,7296,0.5,1.7,1.1,23.1,26,23.9,1.829,,
,7297,314.5,0.6,0.9,0.7,17.9,19.6,7298,0.4,1.7,0.8,20.3,23.2,7299,0.6,0.9,1,18.1,20.8,7300,0.6,1,0.8,19.8,20.8,21.1,1.51,,
,7301,314.8,0.4,1.1,1.6,19,21.6,7302,0.4,1.2,1.1,17,20.4,7303,0.5,1.1,0.7,16.4,19.6,7304,0.4,1.1,1,16.5,19.2,20.2,1.058,,
,,,,,,,,,,,,,,,,,,,,,,,,,,,,,
,7305,315.1,0.6,1,0.5,17.6,19.6,7306,0.6,0.8,1.1,17.5,20.4,7307,0.5,0.8,1.4,18.1,20,7308,0.6,0.8,1.1,17.4,20.4,20.1,0.383,,
,7309,315.4,0.4,0.9,0.5,14.6,15.6,7310,0.6,0.7,0.6,15.8,17.6,7311,0.5,0.9,1,16.8,19.2,7312,0.6,0.8,1.6,19.4,22.4,18.7,2.873,,
,7313,315.7,0.5,1,0.7,16.9,18.8,7314,0.6,0.8,1.9,20.8,23.6,7315,0.6,1,0.4,16.9,19.2,7316,0.6,1.2,0.6,19.2,21.6,20.8,2.239,,
,7317,316,0.5,0.9,0.1,14.5,15.6,7318,0.5,0.9,0.9,16.2,18.8,7319,0.5,0.8,0.7,15,17.2,7320,0.4,1.2,0.2,16,16.8,17.1,1.322,,
,7321,316.3,0.6,1.1,0.8,18.7,21.6,7322,0.4,0.5,0.5,11.8,12.4,7323,0.5,1,0.4,16.5,17.6,7324,0.5,0.8,1,17.3,18.4,17.5,3.814,,
,7325,316.6,0.5,1.2,1,18.6,21.6,7326,0.5,1.2,0.6,18.5,20,7327,0.5,1.4,0.4,17.5,20.8,7328,0.5,1.1,0.8,18.6,20,20.6,0.766,,
,7329,316.9,0.5,0.9,0.5,14.9,17.2,7330,0.4,1,1.3,17.6,19.6,7331,0.4,0.9,0.3,14.1,14.8,7332,0.5,0.7,1.1,15.7,18,17.4,2,,
,7333,317.2,0.5,1,0.4,15.5,17.6,7334,0.5,0.8,0.7,15.1,17.2,7335,0.5,1.3,0,16.3,18.4,7336,0.4,0.7,1,14.2,16,17.3,1,,
,7337,317.5,0.5,1.1,0.4,16.1,18.4,7338,0.6,0.8,1.3,19.3,21.2,7339,0.5,1,0.7,16.3,18.8,7340,0.5,1,0.9,17.6,19.6,19.5,1.238,,
,7341,317.8,0.7,1.1,0.8,20.9,23.2,7342,0.6,0.6,0.7,15.8,17.2,7343,0.6,1.1,0.8,20,21.6,7344,0.7,0.8,0.7,18.2,20.4,20.6,2.54,,
,,,,,,,,,,,,,,,,,,,,,,,,,,,,,
,7345,318.1,0.5,1,0.9,17.3,19.6,7346,0.5,1.1,0.7,17.5,19.6,7347,0.5,1,0.7,16.6,18.8,7348,0.5,0.6,1.4,16.4,18.4,19.1,0.6,,
,7349,318.4,0.4,0.8,0.5,14.3,14.8,7350,0.5,0.5,1.3,15,17.2,7351,0.5,1.1,1,18.7,20.8,7352,0.5,0.8,0.9,16.3,18,17.7,2.474,,
,7353,318.7,0.6,1,1,19.1,21.6,7354,0.5,0.6,0.5,14.1,14.8,7355,0.5,0.5,1.4,16.3,17.6,7356,0.6,0.6,1,17.4,18.4,18.1,2.798,,
,7357,319,0.6,0.9,0.3,16.4,18,7358,0.4,1.4,0.6,17.7,20,7359,0.5,0.8,0.9,16,18,7361,0.6,0.7,1.4,18.2,20.8,19.2,1.424,,
,7362,319.3,0.5,1.3,0,16.4,18.4,7363,0.5,0.8,1,16.2,18.4,7364,0.5,0.6,1,14.6,16.8,7365,0.6,0.6,0.7,15.3,17.2,17.7,0.825,,
,7360,319.6,0.5,0.7,1.2,15.8,18.4,7366,0.6,1.1,0.6,18.6,20.8,7367,0.5,1,0.9,17.6,19.6,7368,0.6,1,1,20,21.6,20.1,1.4,,
,7369,319.9,0.5,1.1,0.5,16.9,18.8,7370,0.5,0.8,0.7,14.7,17.2,7371,0.5,0.9,0.7,16.7,18,7372,0.5,1.1,0.8,18,20,18.5,1.194,,
,7373,320.2,0.5,1.3,0.6,18.6,20.8,7374,0.5,1.2,0.7,18.1,20.4,7375,0.5,1.1,1,17.6,20.8,7376,0.5,0.9,0.5,15.3,17.2,19.8,1.744,,
,7377,320.5,0.5,1,0.6,16.5,18.4,7378,0.4,0.7,1,14.7,16,7379,0.5,1.3,1,18.8,22.4,7380,0.5,1,1,17.1,20,19.2,2.693,,
,7381,320.8,0.7,0.9,1.3,20.8,23.6,7382,0.6,1,1.7,22.2,24.4,7383,0.6,1.2,1.2,21.3,24,7384,0.6,0.9,0.6,17.7,19.2,22.8,2.422,,
,,,,,,,,,,,,,,,,,,,,,,,,,,,,,
,7385,321.1,0.7,1.1,0.6,19.4,22.4,7386,0.7,0.8,0.9,18.5,21.2,7387,0.7,1.1,0.6,19.8,22.4,7388,0.7,0.9,0.5,18.1,20.4,21.6,0.98,,
,7389,321.4,0.5,0.5,1.3,16.4,17.2,7390,0.5,1.1,1.3,20,22,7391,0.6,0.7,0.6,15.6,17.6,7392,0.5,1.4,1.2,21.5,24,20.2,3.339,,
,7393,321.7,0.7,0.8,0.8,18,20.8,7394,0.7,0.7,1.2,19,21.6,7395,0.7,1,0.4,18.9,20.8,7396,0.6,1.2,1.3,21.8,24.4,21.9,1.709,,
,7397,322,0.6,0.8,0.4,16,17.6,7398,0.5,0.9,1.3,18.4,20.4,7399,0.5,0.9,1.1,17.2,19.6,7400,0.5,0.9,1.4,18,20.8,19.6,1.424,,
,7401,322.3,0.5,0.6,0.9,14.3,16.4,7402,0.5,1,0.9,17.3,19.6,7403,0.5,0.8,0.9,15.5,18,7404,0.4,0.7,0.6,13.5,14.4,17.1,2.224,,
,7405,322.6,0.6,1.3,0.6,19.7,22.4,7406,0.5,0.9,0.4,14.8,16.8,7407,0.5,1.5,0.4,18.8,21.6,7408,0.6,0.7,0.8,16.8,18.4,19.8,2.643,,
,7409,322.9,0.5,1,0.2,16.1,16.8,7410,0.5,0.8,1.7,17.7,21.2,7411,0.4,1.1,0.9,16.3,18.8,7412,0.5,0.8,0.9,16.6,18,18.7,1.858,,
,7413,323.2,0.6,1,0.4,17.3,19.2,7414,0.6,1,0.7,17.5,20.4,7415,0.6,0.6,1.7,18.7,21.2,7416,0.5,0.6,1.1,15.7,17.2,19.5,1.74,,
,7417,323.5,0.5,0.8,0.7,16.1,17.2,7418,0.5,0.8,0.3,13,15.6,7419,0.6,0.9,0.6,16.9,19.2,7420,0.6,0.7,0.6,15.3,17.6,17.4,1.479,,
,7421,323.8,0.6,1.1,1,19.9,22.4,7422,0.6,0.7,1,17,19.2,7423,0.6,0.5,1.2,16,18.4,7424,0.5,1.2,0.4,17.6,19.2,19.8,1.774,,
,,,,,,,,,,,,,,,,,,,,,,,,,,,,,
,7424,324.1,0.6,1,0.8,19.3,20.8,7425,0.6,0.8,1.1,18.6,20.4,7426,0.5,1.3,1.1,20.5,22.8,7427,0.6,1,0.6,17.4,20,21,1.244,,
,7428,324.4,0.5,1.2,0.8,18.5,20.8,7429,0.4,0.9,1.1,16.2,18,7430,0.5,0.8,0.5,14.3,16.4,7431,0.5,1.2,0.8,17.5,20.8,19,2.179,,
,7432,324.7,0.7,1,1.2,20.5,24,7433,0.5,0.8,1.3,18.1,19.6,7434,0.6,0.9,0.8,17.8,20,7435,0.7,1,1.1,20.7,23.6,21.8,2.321,,
,7436,325,0.5,0.5,1.2,15.9,16.8,7437,0.5,0.8,1,16.1,18.4,7438,0.5,0.8,0.3,13.7,15.6,7439,0.6,0.7,1,16.7,19.2,17.5,1.612,,
,7440,325.3,0.5,0.7,0.7,15.6,16.4,7441,0.5,0.5,1.1,14.9,16.4,7442,0.6,1,0.5,16.9,19.6,7443,0.5,0.5,1.3,16,17.2,17.4,1.514,,
,7444,325.6,0.6,1,0.8,18.3,20.8,7445,0.6,0.8,0.9,17.6,19.6,7446,0.6,0.6,1.3,17.8,19.6,7447,0.6,1.4,0.5,19.8,22.8,20.7,1.51,,
,7448,325.9,0.6,0.8,0.6,16,18.4,7449,0.6,0.9,1,17.8,20.8,7450,0.5,0.5,0.7,13.8,14.8,7451,0.6,0.9,0.5,16.1,18.8,18.2,2.498,,
,,326.2,Halite,,,,,,,,,,,,,,,,,,,,,,,,,,
,,326.5,,,,,,,,,,,,,,,,,,,,,,,,,,,
,,326.8,,,,,,,,,,,,,,,,,,,,,,,,,,,
,,,,,,,,,,,,,,,,,,,,,,,,,,,,,
,,327.1,Halite,,,,,,,,,,,,,,,,,,,,,,,,,,
,,327.4,,,,,,,,,,,,,,,,,,,,,,,,,,,
,,327.7,,,,,,,,,,,,,,,,,,,,,,,,,,,
,,328,,,,,,,,,,,,,,,,,,,,,,,,,,,
,,328.3,,,,,,,,,,,,,,,,,,,,,,,,,,,
,7452,328.45,0.8,0.8,1.4,22.5,24.8,7453,0.8,1.2,1.8,26.1,29.6,7454,0.7,1.3,1.2,23.5,26.4,7455,0.8,0.9,1.2,22.9,24.8,26.4,2.263,,
,,328.9,Halite,,,,,,,,,,,,,,,,,,,,,,,,,,
,,329.2,,,,,,,,,,,,,,,,,,,,,,,,,,,
,,329.5,,,,,,,,,,,,,,,,,,,,,,,,,,,
,,329.8,,,,,,,,,,,,,,,,,,,,,,,,,,,
,7456,330.1,0.6,1.5,0.5,20.9,23.6,7457,0.5,1.4,1.2,21.1,24,7458,0.6,0.9,0.9,18.4,20.4,7459,0.7,0.9,1.2,20.6,23.2,22.8,1.633,,
,7460,330.4,0.5,0.5,1.1,15.5,16.4,7461,0.5,0.9,0.8,16.3,18.4,7462,0.5,1.1,0.5,17.3,18.8,7463,0.5,0.7,1.2,17.3,18.4,18,1.083,,
,7464,330.7,0.7,0.6,0.7,17.1,18.8,7465,0.7,0.6,1.5,19.5,22,7466,0.6,0.8,1.1,19,20.4,7467,0.6,0.9,1.3,19.8,22,20.8,1.532,,
,7468,331,0.5,1.4,1,20.6,23.2,7469,0.5,1,0.8,16.4,19.2,7470,0.5,0.9,1,17.8,19.2,7471,0.5,1,1.1,18.1,20.4,20.5,1.887,,
,7472,331.3,0.5,1.1,0.9,18.6,20.4,7473,0.5,0.7,1.1,16.8,18,7474,0.4,0.9,0.8,14.9,16.8,7475,0.5,1,0.7,17.3,18.8,18.5,1.51,,
,,,,,,,,,,,,,,,,,,,,,,,,,,,,,
,7476,331.6,0.5,0.8,1.1,17,18.8,7477,0.5,1.2,1,18.9,21.6,7478,0.5,1.1,0.9,19,20.4,7479,0.5,1.3,0.6,18.6,20.8,20.4,1.178,,
,7480,331.9,0.5,0.7,0.9,15.1,17.2,7481,0.5,0.8,1.3,17.5,19.6,7482,0.4,1.2,0.7,16.6,18.8,7483,0.6,1,0.2,16.5,18.4,18.5,1,,
,7484,332.2,0.6,0.8,0.7,16.1,18.8,7485,0.5,0.8,0.6,14.8,16.8,7486,0.5,1,0.7,17.1,18.8,7487,0.5,0.8,1,16.1,18.4,18.2,0.952,,
,7492,332.5,0.5,1.2,0.7,18,20.4,7493,0.6,0.9,1.4,21,22.4,7494,0.5,0.7,1.1,16.7,18,7495,0.6,1,0.8,18,20.8,20.4,1.818,,
,7496,332.8,0.4,0.7,0.9,14.2,15.6,7497,0.5,0.8,0.9,16.7,18,7498,0.5,0.9,0.8,16.8,18.4,7499,0.5,1,0.1,14.9,16.4,17.1,1.322,,
,7501,333.1,0.6,0.9,0.8,17.3,20,7502,0.4,1.4,1,19.6,21.6,7503,0.6,1.3,0.8,20.4,23.2,7504,0.6,0.8,1.1,18.2,20.4,21.3,1.438,,
,7505,333.4,0.4,1.3,0.4,16.5,18.4,7506,0.4,0.8,0.5,13.7,14.8,7507,0.4,0.9,0.5,14,15.6,7508,0.5,1.3,0.8,18.4,21.6,17.6,3.081,,
,7509,333.7,0.6,1,0.8,18.4,20.8,7510,0.6,0.9,0.8,17.7,20,7511,0.6,1,1.2,19.3,22.4,7512,0.7,0.9,1.2,20,23.2,21.6,1.461,,
,7513,334,0.5,0.7,0.5,14.1,15.6,7514,0.6,1,1,18.9,21.6,7515,0.4,0.8,0.7,14.8,15.6,7516,0.5,0.8,0.9,15.5,18,17.7,2.835,,
,7517,334.3,0.5,1,1.3,19.8,21.2,7518,0.6,0.9,0.8,18.6,20,7519,0.5,1.2,0.5,18.1,19.6,7520,0.5,1,0.5,16.4,18,19.7,1.322,,
,,,,,,,,,,,,,,,,,,,,,,,,,,,,,
,7521,334.6,0.5,0.6,1.1,15.8,17.2,7523,0.6,0.6,0.9,15.9,18,7524,0.5,1.2,0.9,18.4,21.2,7525,0.5,0.7,0.5,13.7,15.6,18,2.355,,
,7527,334.9,0.4,1,0.3,13.4,15.6,7528,0.4,0.6,0.5,12.6,13.2,7529,0.5,0.6,0.5,12.8,14.8,7530,0.4,0.7,0.7,13.3,14.8,14.6,1.007,,
,7531,335.2,0.5,0.8,1,17.2,18.4,7532,0.4,0.5,0.6,11.9,12.8,7533,0.5,0.8,0.4,15.2,16,7634,0.4,1.3,0.6,17.3,19.2,16.6,2.875,,
,7535,335.5,0.3,0.9,0.7,13.5,14.8,7536,0.4,0.6,1,13.2,15.2,7537,0.3,0.7,0.7,11.1,13.2,7538,0.4,1.1,0.5,15.6,17.2,15.1,1.645,,
,7539,335.8,0.4,0.6,1,14,15.2,7540,0.4,0.7,0.8,13.2,15.2,7541,0.4,0.5,1,12.3,14.4,7542,0.5,0.5,0.7,13.6,14.8,14.9,0.383,,
,7543,336.1,0.5,0.7,0.8,15.1,16.8,7544,0.6,0.3,1.2,14.7,16.8,7545,0.4,0.9,0.9,15.4,17.2,7546,0.5,0.9,0.3,14.5,16.4,16.8,0.327,,
,7547,336.4,0.4,0.5,0.5,11.4,12.4,7548,0.4,0.7,0.2,11.2,12.8,7549,0.4,0.6,0.3,12.2,12.4,7550,0.4,0.8,0.2,11.7,13.6,12.8,0.566,,
,7551,336.7,0.5,0.6,1,14.9,16.8,7552,0.5,0.8,0.9,15,18,7553,0.6,0.3,0.5,12.9,14,7554,0.5,0.6,0.7,14.5,15.6,16.1,1.709,,
,7557,337,0.5,1.2,0.7,17.5,20.4,7558,0.4,0.7,0.8,13.3,15.2,7559,0.5,1,0.5,15.3,18,7560,0.4,0.7,1,14.4,16,17.4,2.321,,
,7561,337.3,0.4,0.6,0.7,12.5,14,7562,0.4,0.8,0.7,13.1,15.6,7563,0.3,0.6,0.6,11.5,12,7564,0.4,0.9,0.7,14.8,16.4,14.5,1.943,,
,,,,,,,,,,,,,,,,,,,,,,,,,,,,,
,7565,337.6,0.4,0.8,0.8,14.4,16,7566,0.4,0.8,0.3,12,14,7567,0.5,1,0.3,14.9,17.2,7568,0.4,0.8,0.7,14.5,15.6,15.7,1.322,,
,7569,337.9,0.4,0.6,0.5,11.6,13.2,7570,0.4,0.8,0.4,12.6,14.4,7571,0.3,0.8,0.5,12.1,13.2,7572,0.4,0.9,0.9,15.5,17.2,14.5,1.887,,
,7573,338.2,0.4,0.9,0.4,14.3,15.2,7574,0.5,0.6,0.7,14.1,15.6,7575,0.5,0.6,0.4,12.8,14.4,7576,0.4,0.5,1,12.9,14.4,14.9,0.6,,
,7577,338.5,0.6,0.6,0.5,15,16.4,7578,0.5,0.9,1,17.1,19.2,7579,0.5,0.5,0.6,13.4,14.4,7580,0.5,0.9,0.7,15.8,18,17,2.078,,
,7581,338.8,0.3,0.8,0.7,12.7,14,7582,0.3,0.8,0.7,12.6,14,7583,0.4,0.8,0.5,12.9,14.8,7584,0.3,0.9,0.6,13.1,14.4,14.3,0.383,,
,7585,339.1,0.5,0.7,0.9,15.3,17.2,7586,0.5,0.7,1,14.9,17.6,7587,0.5,0.6,0.6,14.2,15.2,7588,0.4,0.4,1.4,14.1,15.2,16.3,1.281,,
,7589,339.4,0.4,0.7,0.3,12.4,13.2,7590,0.3,0.7,0.6,11.4,12.8,7591,0.4,0.8,0.7,13.5,15.6,7592,0.4,0.4,0.2,8.7,10.4,13,2.129,,
,7593,339.7,0.5,0.6,0.3,12.4,14,7594,0.4,0.8,0.3,13,14,7595,0.5,0.9,0.7,16.6,18,7596,0.5,0.6,0.8,13.8,16,15.5,1.915,,
,7597,340,0.6,1,0.6,18.5,20,7598,0.5,0.9,0.3,14.8,16.4,7599,0.5,1,0.8,16.6,19.2,7600,0.6,0.8,0.8,16.9,19.2,18.7,1.579,,
,7601,340.3,0.4,0.4,1,12.5,13.6,7602,0.5,0.8,0.2,13.2,15.2,7603,0.3,0.8,0.7,12.7,14,7604,0.4,0.5,0.6,11.9,12.8,13.9,1,,
,,,,,,,,,,,,,,,,,,,,,,,,,,,,,
,7605,340.6,0.5,0.8,1.7,18.2,21.2,7606,0.4,0.8,0.8,13.9,16,7607,0.4,0.8,1,15.3,16.8,7608,0.4,1,0.5,14.5,16.4,17.6,2.422,,
,7609,340.9,0.4,0.8,0.4,12.5,14.4,7610,0.3,0.9,0,11.3,12,7611,0.4,0.4,1,12.8,13.6,7612,0.4,0.4,1,12.4,13.6,13.4,1.007,,
,7613,341.2,0.6,1,0.5,17.1,19.6,7614,0.6,0.8,0.3,15.6,17.2,7615,0.5,0.7,0.9,15.3,17.2,7616,0.5,0.9,0.5,16.2,17.2,17.8,1.2,,
,7617,341.5,0.4,0.7,0.6,13.7,14.4,7618,0.4,0.8,0.5,12.6,14.8,7619,0.3,0.7,0.6,11.2,12.8,7620,0.4,0.6,0.3,11.5,12.4,13.6,1.178,,
,7621,341.8,0.4,0.8,0.9,14.6,16.4,7622,0.5,0.7,0.1,12.7,14,7623,0.4,1.1,0.4,15.5,16.8,7624,0.5,0.9,0.4,15.1,16.8,16,1.347,,
,7626,342.1,0.5,0.9,0.4,14.3,16.8,7627,0.4,0.8,0.9,14.9,16.4,7628,0.5,0.5,0.6,13.3,14.4,7629,0.5,0.5,1,14,16,15.9,1.052,,
,7630,342.4,0.4,1,0.1,12.5,14.8,7631,0.4,0.8,0.6,13.1,15.2,7632,0.4,0.9,0.6,14.6,16,7633,0.5,0.5,0.8,14.5,15.2,15.3,0.503,,
,7634,342.7,0.6,0.6,1,16.6,18.4,7635,0.7,0.9,0.7,18.5,21.2,7636,0.7,0.7,1.3,19.1,22,7637,0.6,1.1,1.1,20.1,22.8,21.1,1.915,,
,7638,343,0.6,0.8,0.8,16.5,19.2,7639,0.6,0.8,0.9,17.2,19.6,7640,0.4,1.3,0.9,18,20.4,7641,0.5,0.6,0.7,14.1,15.6,18.7,2.126,,
,7642,343.3,0.5,0.6,1,15.3,16.8,7643,0.5,0.8,0.9,15,18,7644,0.6,0.7,1,16.9,19.2,7645,0.6,0.8,0.3,15.1,17.2,17.8,1.058,,
,,,,,,,,,,,,,,,,,,,,,,,,,,,,,
,7646,343.6,0.5,0.8,0.3,14.9,15.6,7647,0.5,1,0.7,16.9,18.8,7648,0.6,0.6,1.3,17.7,19.6,7649,0.5,0.6,0.5,13.9,14.8,17.2,2.355,,
,7650,343.9,0.5,0.7,1.1,15.4,18,7651,0.4,0.7,0.9,14.3,15.6,7652,0.5,0.7,0.7,14.4,16.4,7653,0.5,0.8,0.8,15.2,17.6,16.9,1.102,,
,7654,344.2,0.6,0.7,0.9,16.6,18.8,7655,0.5,0.8,0.9,16.4,18,7656,0.6,0.7,0.8,15.8,18.4,7657,0.6,1.1,1,20,22.4,19.4,2.026,,
,7658,344.5,0.6,0.7,0.9,16.7,18.8,7659,0.6,1,0.4,18,19.2,7660,0.6,0.9,0.5,16.6,18.8,7661,0.6,0.5,0.7,14.7,16.4,18.3,1.281,,
,7662,344.8,0.4,0.6,0.3,11.8,12.4,7663,0.5,1,0.7,16.5,18.8,7664,0.5,0.5,0.9,14.4,15.6,7665,0.5,0.6,0.5,12.9,14.8,15.4,2.643,,
,7666,345.1,0.6,0.8,0.2,14.9,16.8,7667,0.5,1.1,1.3,19.1,22,7668,0.5,1.3,1,19.6,22.4,7669,0.5,0.7,1.2,17,18.4,19.9,2.74,,8 measurements for this spot (345.1)
,7670,345.1,0.6,0.8,0.9,17.2,19.6,7671,0.5,1.1,0.7,16.8,19.6,7672,0.6,0.7,1.1,18.7,19.6,7673,0.6,0.9,1.2,19.4,21.6,20.1,1,,
,7674,345.4,0.5,0.4,0.4,11.9,12.8,7675,0.6,0.7,0.1,14.6,15.6,7676,0.5,0.6,0.5,14.1,14.8,7677,0.5,0.7,0.1,12.4,14,14.3,1.194,,
,7678,345.7,0.6,0.8,1.1,18,20.4,7679,0.6,0.8,1.2,18.3,20.8,7680,0.7,0.5,1,17.4,19.2,7681,0.6,1,0.8,18.5,20.8,20.3,0.757,,
,7682,346,0.7,0.7,1.4,20.2,22.4,7683,0.6,0.8,1.2,19.2,20.8,7684,0.6,0.4,0.7,15.2,15.6,7685,0.6,1.2,1.4,21.5,24.8,20.9,3.897,,
,7686,346.3,0.5,0.8,0.8,16.5,17.6,7687,0.5,0.7,0.6,15.3,16,7688,0.5,1.1,1,19,20.8,7689,0.5,0.7,0.9,16,17.2,17.9,2.049,,
,,,,,,,,,,,,,,,,,,,,,,,,,,,,,
,7690,346.6,0.6,1.1,1,20.1,22.4,7691,0.5,1.1,0.9,18.6,20.4,7692,0.6,1,1,19.1,21.6,7693,0.6,0.8,1.2,18.4,20.8,21.3,0.887,,
,7694,346.9,0.5,0.8,0.6,14.9,16.8,7695,0.5,0.8,0.7,15.4,17.2,7696,0.5,1.1,1.1,18.9,21.2,7697,0.4,0.7,0.9,14.1,15.6,17.7,2.43,,
,7698,347.2,0.5,0.7,1.1,16.5,18,7699,0.5,0.8,0.9,16.1,18,7700,0.7,0.7,0.5,16.7,18.8,7701,0.6,0.6,0.6,15.1,16.8,17.9,0.825,,
,7702,347.5,0.5,1,0.7,17.5,18.8,7703,0.5,0.6,1.2,16.1,17.6,7704,0.5,1,0.4,16,17.6,7705,0.5,0.5,1.1,15.3,16.4,17.6,0.98,,
,7706,347.8,0.5,1.1,0.9,18.1,20.4,7707,0.4,0.7,0.8,13.6,15.2,7708,0.5,1,0.7,15.7,18.8,7709,0.4,1,0.3,14.1,15.6,17.5,2.517,,
,7710,348.1,0.6,0.8,0.6,15.9,18.4,7711,0.5,0.9,0.6,15.2,17.6,7712,0.5,0.9,1.3,18.3,20.4,7713,0.4,0.9,1.2,16.9,18.4,18.7,1.194,,
,7714,348.4,0.4,0.8,0.7,14.6,15.6,7715,0.4,0.7,1,13.8,16,7716,0.5,0.9,0.4,14.5,16.8,7717,0.5,0.8,0.9,15.8,18,16.6,1.058,,
,7718,348.7,0.6,0.8,0.7,18,18.8,7719,0.5,0.9,0.7,16.5,18,7720,0.7,0.9,0.8,18.5,21.6,7721,0.5,1.1,1.2,19.4,21.6,20,1.876,,
,7722,349,0.6,0.9,1,18.1,20.8,7723,0.5,1.2,0.3,17.1,18.8,7724,0.5,0.7,0.9,16.2,17.2,7725,0.5,1,0.9,17.6,19.6,19.1,1.51,,
,7726,349.3,0.5,0.7,0.4,14.3,15.2,7727,0.5,0.8,0.9,16.8,18,7728,0.5,1,1.1,17.2,20.4,7729,0.5,1.2,0.4,17,19.2,18.2,2.227,,
,,,,,,,,,,,,,,,,,,,,,,,,,,,,,
,7730,349.6,0.6,1,1,19.2,21.6,7731,0.6,0.9,0.9,17.5,20.4,7732,0.6,0.8,0.9,17,19.6,7733,0.5,1,1.1,17.3,20.4,20.5,0.825,,
,7734,349.9,0.5,0.6,1.1,15.2,17.2,7735,0.4,0.7,0.9,14.1,15.6,7736,0.5,0.4,0.8,13,14.4,7737,0.4,0.8,1.3,16.4,18,16.3,1.612,,
,7738,350.2,0.6,1,0.9,19.6,21.2,7739,0.6,0.7,1.1,17.2,19.6,7740,0.5,0.7,0.7,15.2,16.4,7741,0.5,0.8,1.1,17.1,18.8,19,2,,
,7742,350.5,0.5,0.7,0.6,15.1,16,7743,0.5,0.5,1.2,15.7,16.8,7744,0.6,0.4,0.9,14.5,16.4,7745,0.6,0.6,0.8,15.6,17.6,16.7,0.683,,
,7746,350.8,0.4,1,0.3,14.5,15.6,7747,0.4,0.6,0.3,11.5,12.4,7748,0.4,1,0.6,15,16.8,7749,0.5,0.8,0.8,15.4,17.6,15.6,2.286,,
,7750,351.1,0.5,0.5,0.7,14.1,14.8,7751,0.5,0.5,0.3,12.5,13.2,7752,0.5,0.9,0.8,15.9,18.4,7753,0.5,0.9,1.3,18.3,20.4,16.7,3.288,,
,7754,351.4,0.4,0.7,0.7,13.7,14.8,7755,0.5,0.7,0.4,13.9,15.2,7756,0.4,1.1,0.5,15.2,17.2,7757,0.4,0.8,0.9,14.9,16.4,15.9,1.102,,
,7758,351.7,0.6,0.7,0.7,15.6,18,7759,0.6,0.9,0.5,16.3,18.8,7760,0.6,0.8,1,18.1,20,7761,0.6,0.7,0.7,16.5,18,18.7,0.945,,
,7762,352,0.6,0.8,0.1,15.1,16.4,7763,0.5,0.9,0.9,17.3,18.8,7764,0.5,0.8,0.5,15,16.4,7765,0.5,0.6,0.7,14.5,15.6,16.8,1.386,,
,7766,352.3,0.5,0.8,0.7,15.8,17.2,7767,0.5,0.8,0.5,14.7,16.4,7768,0.5,0.7,0.9,14.9,17.2,7769,0.5,0.9,0.3,15.3,16.4,16.8,0.462,,
,,,,,,,,,,,,,,,,,,,,,,,,,,,,,
,7770,352.6,0.7,0.6,0.9,17.3,19.6,7771,0.6,0.7,1.6,19.4,21.6,7772,0.5,0.8,1.1,17.5,18.8,7773,0.6,0.6,0.5,15,16.4,19.1,2.151,,
,7774,352.9,0.5,0.7,0.9,15.5,17.2,7775,0.4,0.8,0.8,15,16,7776,0.4,0.5,0.6,11.6,12.8,7777,0.4,1,0.7,15.4,17.2,15.8,2.078,,
,7778,353.2,0.5,1.4,0.4,18.9,20.8,7779,0.7,0.7,1,20.1,20.8,7780,0.6,1,0.4,17.3,19.2,7781,0.5,0.8,0.9,16.6,18,19.7,1.361,,
,7782,353.5,0.6,0.6,1,17.3,18.4,7783,0.6,0.8,1.2,18.9,20.8,7784,0.6,0.8,0.9,17.8,19.6,7785,0.6,1,0.4,17.9,19.2,19.5,1,,
,7786,353.8,0.5,1.1,0.4,16.1,18.4,7787,0.4,1.1,0.7,15.6,18,7788,0.4,0.4,1.3,13.2,14.8,7789,0.4,0.7,1.2,15.6,16.8,17,1.617,,
,7790,354.1,0.5,0.7,0.7,14.4,16.4,7791,0.6,0.6,1.2,17.1,19.2,7792,0.5,0.7,0.9,15,17.2,7793,0.6,0.5,0.6,14.8,16,17.2,1.424,,
,7794,354.4,0.4,0.7,0.7,13.6,14.8,7795,0.5,0.6,0.9,14.5,16.4,7796,0.4,1.1,0.3,13.8,16.4,7797,0.5,0.5,1,13.5,16,15.9,0.757,,
,7798,354.7,0.6,0.3,1.6,16.7,18.4,7799,0.5,0.7,0.9,15.6,17.2,7800,0.5,0.7,1,16,17.6,7801,0.5,0.6,0.6,13.5,15.2,17.1,1.361,,
,7802,355,0.7,0.5,1.6,19.6,21.6,7803,0.7,0.9,0.7,18.3,21.2,7804,0.6,1.3,1.2,22.5,24.8,7805,0.6,1.1,0.8,19.7,21.6,22.3,1.677,,
,7806,355.3,0.5,0.8,0.9,15.9,18,7807,0.5,0.7,1.2,16.8,18.4,7808,0.5,1,0.5,15.7,18,7809,0.5,0.7,0.9,15.5,17.2,17.9,0.503,,
,,,,,,,,,,,,,,,,,,,,,,,,,,,,,
,7810,355.6,0.6,0.6,0.9,16.9,18,7811,0.6,0.9,1,18.2,20.8,7812,0.6,0.8,0.7,17.4,18.8,7813,0.5,1,0.8,17.5,19.2,19.2,1.178,,
,7814,355.9,0.5,0.7,0.7,14.4,16.4,7815,0.6,0.7,1.2,17.1,20,7816,0.6,0.4,0.5,14.4,14.8,7817,0.5,1.1,0.9,17.5,20.4,17.9,2.74,,
,7818,356.2,0.6,0.9,1,18.1,20.8,7819,0.6,0.9,0.9,18.1,20.4,7820,0.6,0.7,1.1,17.3,19.6,7821,0.7,0.7,0.7,17.1,19.6,20.1,0.6,,
,7822,356.5,0.5,0.6,0.5,12.8,14.8,7823,0.6,0.5,0.9,14.7,17.2,7824,0.5,0.7,1.3,16.7,18.8,7825,0.5,1,0.3,14.9,17.2,17,1.649,,
,7826,356.8,0.6,0.4,0.9,14.9,16.4,7827,0.5,0.9,1.3,16.9,20.4,7828,0.5,0.8,0.9,16.7,18,7829,0.5,1,0.9,17.2,19.6,18.6,1.774,,
,7830,357.1,0.7,0.7,0.7,17.6,19.6,7831,0.6,0.8,0.9,18,19.6,7832,0.5,0.8,1,17.1,18.4,7833,0.5,1,0.8,16.4,19.2,19.2,0.566,,
,7850,357.4,0.4,1.5,0.6,17.1,20.8,7835,0.4,0.9,1.2,16.8,18.4,7836,0.4,1.1,0.7,16.6,18,7837,0.5,1.3,1.1,19.2,22.8,20,2.239,,
,7838,357.7,0.6,0.6,0.5,15.5,16.4,7839,0.5,0.8,0.7,15.9,17.2,7840,0.6,1.3,0.8,19.9,23.2,7841,0.5,1.1,0.6,17.7,19.2,19,3.038,,
,7842,358,0.6,0.8,0.8,16.8,19.2,7843,0.5,0.9,0.7,17,18,7844,0.6,0.9,0.9,19,20.4,7845,0.7,1.1,0.6,20.2,22.4,20,1.876,,
,7846,358.3,0.5,0.7,0.6,14.7,16,7847,0.5,1.2,0.4,17.3,19.2,7848,0.5,0.9,0.6,15.5,17.6,7849,0.5,0.6,1,15.4,16.8,17.4,1.366,,
,,,,,,,,,,,,,,,,,,,,,,,,,,,,,
,7851,358.6,0.6,1.2,0.7,19.9,22,7852,0.7,1,1.7,22.5,26,7853,0.6,1.4,1.2,21.7,25.6,7854,0.6,1,1.7,21.9,24.4,24.5,1.8,,
,7855,358.9,0.5,0.9,0.9,17.7,18.8,7856,0.6,1,0,16.1,17.6,7857,0.6,0.9,1,18.3,20.8,7858,0.5,1.2,0.9,19.4,21.2,19.6,1.697,,
,7859,359.2,0.7,1,1.1,20.4,23.6,7860,0.6,1.1,0.8,19.6,21.6,7861,0.6,1.3,1.2,22.1,24.8,7862,0.7,1.3,0.7,22.5,24.4,23.6,1.424,,
,7863,359.5,0.5,1,0.7,17,18.8,7864,0.6,0.9,1,18.5,20.8,7865,0.6,0.9,0.8,18.1,20,7866,0.5,1.2,0.7,17.3,20.4,20,0.864,,
,7867,359.8,0.5,0.6,1.1,15.3,17.2,7868,0.6,1,0.6,18.7,20,7869,0.6,0.9,1.5,19.5,22.8,7870,0.6,0.8,0.6,17.1,18.4,19.6,2.422,,
,7871,360.1,0.5,0.9,1.1,17.6,19.6,7872,0.6,1.3,1.2,22.5,24.8,7873,0.6,0.9,1,18.7,20.8,7874,0.6,0.8,1.6,20.7,22.4,21.9,2.248,,
,7875,360.4,0.6,1.1,0.8,19.2,21.6,7876,0.5,0.8,0.5,14.9,16.4,7877,0.4,1.2,0.4,16.7,17.6,7878,0.6,0.7,1.1,16.6,19.6,18.8,2.286,,
,7879,360.7,0.7,0.8,1.2,21.3,22.4,7880,0.6,1.1,0.4,17.9,20,7881,0.6,0.7,1.1,17.4,19.6,7882,0.6,1,1.8,21.2,24.8,21.7,2.408,,
,7883,361,0.5,1,1.2,18.3,20.8,7884,0.6,0.6,0.9,15.7,18,7885,0.5,0.4,0.8,13,14.4,7886,0.5,0.8,0.4,15.4,16,17.3,2.759,,
,7887,361.3,0.5,0.7,0.8,15.4,16.8,7888,0.4,0.8,0.9,15.1,16.4,7889,0.5,1.1,0.2,16.5,17.6,7890,0.5,0.8,0.5,15.8,16.4,16.8,0.566,,
,,,,,,,,,,,,,,,,,,,,,,,,,,,,,
,7891,361.6,0.6,1,0.6,17.8,20,7892,0.5,1.2,0.8,18.5,20.8,7893,0.7,0.8,0.7,18.1,20.4,7894,0.7,0.4,1.3,17.3,19.6,20.2,0.516,,
,7895,361.9,0.5,0.9,1.4,17.9,20.8,7896,0.5,1.1,1.1,19.1,21.2,7897,0.6,0.8,1,17.4,20,7898,0.5,1.2,0.7,18,20.4,20.6,0.516,,
,7899,362.2,0.6,0.9,0.9,18.8,20.4,7900,0.6,0.9,0.4,17.3,18.4,7901,0.6,0.7,1.6,19.3,21.6,7902,0.6,0.7,1,16.6,19.2,19.9,1.4,,
,7903,362.5,0.6,0.8,0.9,18.6,19.6,7904,0.7,0.8,1.3,20.1,22.8,7905,0.8,0.8,0.8,20,22.4,7906,0.6,1.1,1.1,21,22.8,21.9,1.545,,
,7908,362.8,0.5,0.9,0.6,15.4,17.6,7909,0.4,1,0.8,16.4,17.6,7910,0.5,0.8,0.5,14.8,16.4,7911,0.6,0.8,0.5,16.1,18,17.4,0.693,,
,7912,363.1,0.7,0.8,0.9,18.3,21.2,7913,0.6,0.6,0.7,16.1,17.2,7914,0.6,1.1,1,19.7,22.4,7915,0.6,0.6,0.5,15.6,16.4,19.3,2.946,,
,7916,363.4,0.6,0.7,0.5,15.1,17.2,7917,0.5,1,0.9,18.3,19.6,7918,0.5,0.6,0.9,15.4,16.4,7919,0.5,0.8,0.5,15.5,16.4,17.4,1.514,,
,7920,363.7,0.6,0.6,1.2,17.2,19.2,7921,0.6,1.1,1,20.5,22.4,7922,0.6,1.4,0.8,20.9,24,7923,0.5,0.8,0.6,15.3,16.8,20.6,3.225,,
,7924,364,0.7,0.9,1.4,22.3,24,7925,0.7,1.4,0.7,22.4,25.2,7926,0.7,0.8,1.5,21.3,23.6,7927,0.6,1.1,1.2,21.1,23.2,24,0.864,,
,7928,364.3,0.6,0.6,0.5,14.2,16.4,7929,0.5,1.1,1,18.6,20.8,7930,0.5,0.8,0.7,15.7,17.2,7931,0.6,0.9,0.9,18.1,20.4,18.7,2.224,,
,,,,,,,,,,,,,,,,,,,,,,,,,,,,,
,7932,364.6,0.7,0.9,1.1,20.7,22.8,7933,0.8,1.1,1,22.9,25.6,7934,0.7,0.8,1.3,21.2,22.8,7935,0.7,0.9,1.3,21.9,23.6,23.7,1.322,,
,7936,364.9,0.7,1,0.9,21.5,22.8,7937,0.6,0.8,1,18.2,20,7938,0.6,1,0.6,17.8,20,7939,0.6,1.3,1.3,22.9,25.2,22,2.509,,
,7944,365.2,0.7,1.1,0.9,20.7,23.6,7945,0.7,1.1,0.7,20.3,22.8,7946,0.7,1.2,1.4,22.8,26.4,7947,0.7,1.2,0.8,21.5,24,24.2,1.549,,
,7940,365.5,0.6,1.1,1.4,21.8,24,7941,0.6,1,1.2,19.6,22.4,7942,0.7,1.1,0.8,20.4,23.2,7943,0.7,1.1,0.6,19.9,22.4,23,0.766,,
,7948,365.8,0.5,1,0.5,16.7,18,7949,0.6,0.9,1.3,18.8,22,7950,0.5,1.5,0.9,20,23.6,7951,0.5,0.6,0.7,14.2,15.6,19.8,3.659,,
,7952,366.1,0.6,1,0.4,17.5,19.2,7953,0.6,0.9,1.3,20,22,7954,0.6,1.1,1.1,20.4,22.8,7955,0.6,1.1,0.7,19,21.2,21.3,1.545,,
,7956,366.4,0.5,1,1.3,18.7,21.2,7957,0.5,0.9,0.7,16.9,18,7958,0.5,1,1.1,18.4,20.4,7959,0.6,0.8,1.1,18,20.4,20,1.386,,
,7960,366.7,0.6,1.1,1,20,22.4,7961,0.5,0.9,1.2,18,20,7962,0.7,1.1,0.4,19.8,21.6,7963,0.6,1.2,1,19.9,23.2,21.8,1.366,,
,7964,367,0.6,1,1,19.3,21.6,7965,0.6,1,0.6,18.1,20,7966,0.6,0.5,1.1,17.2,18,7967,0.6,1,0.8,18.3,20.8,20.1,1.545,,
,7968,367.3,0.6,1,0.5,18.2,19.6,7969,0.5,1.1,0.2,16.3,17.6,7970,0.5,0.9,0.9,17.4,18.8,7971,0.5,1.3,0.6,18.9,20.8,19.2,1.347,,
,,,,,,,,,,,,,,,,,,,,,,,,,,,,,
,7972,367.6,0.7,1,1.2,21.1,24,7973,0.6,1.1,0.9,19.7,22,7974,0.8,1.1,1.2,23.2,26.4,7975,0.7,1,1.4,22.9,24.8,24.3,1.829,,
,7976,367.9,0.7,1.2,1.1,23.1,25.2,7977,0.7,1,1.3,22.1,24.4,7978,0.6,0.8,1.3,19.4,21.2,7979,0.7,1.5,0.9,23.8,26.8,24.4,2.355,,
,7980,368.2,0.8,1.3,1.7,26,30,7981,0.7,1,1.2,22.2,24,7982,0.6,1.2,1.1,21.6,23.6,7983,0.7,1,1.2,21.7,24,25.4,3.072,,
,7984,368.5,0.6,0.8,0.5,15.3,18,7985,0.6,1,1.3,19.8,22.8,7986,0.6,1,0.6,17.9,20,7987,0.6,0.9,0.5,16.7,18.8,19.9,2.101,,
,7988,368.8,0.6,0.5,1.2,17,18.4,7989,0.6,0.9,1.1,18.7,21.2,7990,0.5,1,1.4,19.3,21.6,7991,0.6,1.3,0.4,19.9,21.6,20.7,1.545,,
,7992,369.1,0.5,1.2,1.5,19.7,23.6,7993,0.5,1.3,1.2,20.7,23.2,7994,0.6,0.8,1.3,19.5,21.2,7995,0.7,0.9,1.7,21.8,25.2,23.3,1.645,,
,7997,369.4,0.6,1.4,0.4,19.4,22.4,7998,0.6,1.1,0.5,18.1,20.4,7999,0.6,1.2,0.8,20,22.4,8000,0.5,1.2,1.4,20.7,23.2,22.1,1.194,,
,8002,369.7,0.6,1.3,1.4,23.2,25.6,8003,0.6,1,0.8,19.9,20.8,8004,0.6,1.3,0.8,21.2,23.2,8005,0.5,1.3,1,19.3,22.4,23,2,,
,8006,370,0.6,1.5,0.9,23,25.2,8007,0.6,0.8,0.9,18.1,19.6,8008,0.6,1.1,1.1,19.7,22.8,8009,0.6,0.9,1.3,19.1,22,22.4,2.309,,
,8010,370.3,0.6,1.4,1.7,23.6,27.6,8011,0.7,1,0.4,18.2,20.8,8012,0.6,0.9,1.3,19.8,22,8013,0.6,1.2,1.1,21.8,23.6,23.5,2.964,,
,,,,,,,,,,,,,,,,,,,,,,,,,,,,,
,8014,370.6,0.6,1.7,1.4,26,28.8,8015,0.6,1.4,0.8,21,24,8016,0.6,1.4,1.4,23.6,26.4,8017,0.7,1.9,0.9,25.9,30,27.3,2.661,,
,8018,370.9,0.5,1.5,0.6,19.7,22.4,8019,0.6,1.4,0.9,21.3,24.4,8020,0.7,0.8,1.5,20.7,23.6,8021,0.6,1.2,0.5,18.4,21.2,22.9,1.4,,
,8022,371.2,0.7,1.4,0.7,21.7,25.2,8023,0.6,1.3,0.8,20.2,23.2,8024,0.6,1.2,0.8,20.7,22.4,8025,0.6,1.4,1,21.9,24.8,23.9,1.322,,
,8026,371.5,0.6,1.3,1.2,22.4,24.8,8027,0.6,1.7,1,23.9,27.2,8028,0.5,1.4,0.7,20.2,22,8029,0.7,1.7,0.8,25,28,25.5,2.701,,
,8030,371.8,0.6,1.5,1.2,22.9,26.4,8031,0.5,1.8,0.4,21.5,24,8032,0.5,2,0.5,22.6,26,8033,0.5,1.8,1.4,24.6,28,26.1,1.645,,
,8034,372.1,0.6,1.4,0.9,21.4,24.4,8035,0.6,1.5,0.6,21.8,24,8036,0.7,1,1,21.1,23.2,8037,0.6,1.4,1,21.9,24.8,24.1,0.683,,
,8038,372.4,0.6,1.8,1.2,25.5,28.8,8039,0.5,1.9,1.3,24.4,28.4,8040,0.5,1.8,1.1,23.9,26.8,8041,0.6,1.6,0.8,23.1,25.6,27.4,1.479,,
,8042,372.7,0.6,1.4,1,22.2,24.8,8043,0.6,1.7,1.9,26.5,30.8,8044,0.5,1.4,1.4,21.9,24.8,8045,0.5,1.8,1.1,23.8,26.8,26.8,2.828,,
,8046,373,0.6,1.8,0.9,23.8,27.6,8047,0.6,1.9,1.3,25.7,30,8048,0.5,1.7,0.6,21.8,24,8049,0.7,1.8,1,26.3,29.6,27.8,2.742,,
,8050,373.3,0.8,1.2,1,23.2,26.4,8051,0.5,1.6,1,21.9,24.8,8052,0.6,2,0.4,23.5,27.2,8053,0.6,1.4,0.6,20.8,23.2,25.4,1.774,,
,,,,,,,,,,,,,,,,,,,,,,,,,,,,,
,8054,373.6,0.7,1.1,1.7,23.6,26.8,8055,0.6,1.4,1.3,22,26,8056,0.7,1.2,1.1,22.4,25.2,8057,0.7,1.6,0.6,23.1,26.4,26.1,0.683,,
,8058,373.9,0.6,1.4,1.2,22.5,25.6,8059,0.5,1.7,0.3,19.8,22.8,8060,0.6,1.7,1.1,24.2,27.6,8061,0.6,1.6,1.2,24,27.2,25.8,2.179,,
,8062,374.2,0.6,1.7,1.2,24.5,28,8063,0.6,1.4,0.4,19.7,22.4,8064,0.6,1.5,1.4,24,27.2,8065,0.6,1.6,0.6,21.4,24.8,25.6,2.53,,
,8066,374.5,0.7,1.3,0.8,22.7,24.8,8067,0.7,1.1,1.6,23,26.4,8068,0.7,1.8,0.7,25.1,28.4,8069,0.8,1.3,0.4,22.1,24.8,26.1,1.709,,
,8070,374.8,0.6,1.4,1,22.6,24.8,8071,0.5,1.6,1.5,23.5,26.8,8072,0.5,1.7,0.9,22.2,25.2,8073,0.6,1.6,1.2,23.2,27.2,26,1.178,,
,8074,375.1,0.6,1.7,1,23.8,27.2,8075,0.7,1.7,0.8,24.5,28,8076,0.6,1.6,1.7,25.6,29.2,8077,0.5,1.6,0.8,21.7,24,27.1,2.224,,
,8078,375.4,0.5,2.1,0.1,21.4,25.2,8079,0.5,1.9,0.9,24.2,26.8,8080,0.5,2,1,23.8,28,8081,0.6,1.5,0.8,12.6,24.8,26.2,1.479,,
,8082,375.7,0.7,1.5,0.5,22.6,25.2,8083,0.6,1.5,0.9,22.9,25.2,8084,0.6,1.5,1.2,23.8,26.4,8085,0.6,1.5,1,21.7,25.6,25.6,0.566,,
,8086,376,0.4,1.9,0.8,22,24.8,8087,0.5,2,0.7,23,26.8,8088,0.6,2,1.1,25.7,30,8089,0.6,1.2,0.8,19.4,22.4,26,3.217,,
,8090,376.3,0.6,1.4,1.1,22.1,25.2,8091,0.7,1.9,0.7,24.7,29.2,8092,0.6,1.8,0.7,23.4,26.8,8093,0.6,1.8,1,24.4,28,27.3,1.709,,
,,,,,,,,,,,,,,,,,,,,,,,,,,,,,
,8568,376.6,0.7,1.6,0.8,23.8,27.2,8569,0.6,1.4,1.8,25,28,8570,0.7,1.7,1.1,26,29.2,8571,0.7,1.5,1,23.8,27.2,27.9,0.945,72,
,8572,376.9,0.5,2,1.2,25.8,28.8,8573,0.5,1.8,0.7,21.7,25.2,8574,0.6,1.5,0.4,20.7,23.2,8575,0.6,1.9,0.7,23.7,27.6,26.2,2.498,71,
,8576,377.2,0.6,1.3,0.8,21.1,23.2,8577,0.5,1.8,1.3,24.8,27.6,8578,0.5,1.6,1.1,22.8,25.2,8579,0.6,1.6,0.8,22.8,25.6,25.4,1.804,70,
,8580,377.5,0.6,2,0.6,24.2,28,8581,0.5,1.4,1.4,22.6,24.8,8582,0.5,2,0.9,23.7,27.6,8583,0.5,2.5,1.5,29,34,28.6,3.871,70,
,8583,377.8,0.5,1.9,1,23.1,27.2,8584,0.5,2,0.8,24.7,27.2,8585,0.7,1.6,0.8,24.2,27.2,8586,0.6,1.7,1.3,25.2,28.4,27.5,0.6,72,
,8587,378.1,0.5,1.7,0.4,20.4,23.2,8588,0.5,1.9,0.7,23.5,26,8589,0.5,1.8,0.9,23.1,26,8590,0.5,1.7,0.7,21.9,24.4,24.9,1.361,70,
,8591,378.4,0.6,1.6,1.1,23.1,26.8,8592,0.5,1.9,1,23.5,27.2,8593,0.5,1.9,1.7,25.4,30,8594,0.7,1.3,1.2,24.1,26.4,27.6,1.633,68,
,8595,378.7,0.6,1.6,1.3,24.5,27.6,8596,0.6,1.7,1,23.9,27.2,8597,0.6,1.6,1.4,24.6,28,8598,0.7,1.7,0.7,23.9,27.6,27.6,0.327,69,
,8599,379,0.6,1.4,0.8,21.9,24,8600,0.6,1.3,0.4,19.5,21.6,8601,0.6,1.6,1.3,24.2,27.6,8602,0.5,1.5,1.4,23.1,25.6,24.7,2.538,65,
,8603,379.3,0.5,2,0.3,22.3,25.2,8604,0.6,1.3,1.3,21.6,25.2,8605,0.7,1.3,1.3,23,26.8,8606,0.5,1.5,1.2,21.9,24.8,25.5,0.887,64,
,,,,,,,,,,,,,,,,,,,,,,,,,,,,,
,8529,379.6,0.7,0.9,1.4,21.9,24,8530,0.6,1.8,1.6,26.5,30.4,8531,0.7,1.4,1.6,26.1,28.8,8532,0.7,1,1,20.5,23.2,26.6,3.54,66,
,8533,379.9,0.7,1.4,0.8,23.2,25.6,8534,0.6,1.6,0.5,22.6,24.4,8535,0.7,1,1,20.3,23.2,8536,0.6,1.6,0.6,22.5,24.8,24.5,1,63,
,8537,380.2,0.5,0.9,1.9,20.9,22.8,8538,0.7,0.9,1.1,20.4,22.8,8539,0.6,1.6,1.5,25.3,28.4,8540,0.6,1,1.3,20.7,22.8,24.2,2.8,62,
,8541,380.5,0.6,1,1.5,21.2,23.6,8542,0.6,1.6,0.4,21.8,24,8543,0.6,1.4,0.6,20.6,23.2,8544,0.6,1.3,1.4,22.7,25.6,24.1,1.052,63,
,8545,380.8,0.7,1.1,2.7,26.7,30.8,8546,0.6,1.2,1.1,21.7,23.6,8547,0.8,1.4,1.2,25.3,28.8,8548,0.6,1.2,1.2,22.4,24,26.8,3.563,63,
,8549,381.1,0.7,0.7,1.5,19.7,22.8,8550,0.6,1.6,1.1,23,26.8,8551,0.7,1.5,0.9,23.9,26.8,8552,0.7,1.5,0.7,22.5,26,25.6,1.904,62,
,8553,381.4,0.7,1.3,0.8,21.9,24.8,8554,0.7,1.2,1.1,22.4,25.2,8555,0.7,1.1,1.2,22.2,24.8,8556,0.7,1.5,0.9,23.3,26.8,25.4,0.952,62,
,8557,381.7,0.7,1,1.6,22.8,25.6,8558,0.6,1,1.2,20.1,22.4,8559,0.7,1.4,1,22.6,26.4,8560,0.6,1.5,0.9,22.4,25.2,24.9,1.74,62,
,8561,382,0.6,1,1.4,20.5,23.2,8562,0.6,1.1,1,20.5,22.4,,0.7,1.2,1.4,23.4,26.4,8563,0.6,1.4,1.6,23.4,27.2,24.8,2.355,64,
,8564,382.3,0.7,1.6,0.5,23.2,26,8565,0.7,1.2,1.3,22.2,26,8566,0.6,1.1,1.6,22.4,24.8,8567,0.7,1,1.2,21.4,24,25.2,0.98,64,
,,,,,,,,,,,,,,,,,,,,,,,,,,,,,
,8607,382.6,0.6,1.1,0.8,19.7,21.6,8608,0.6,1.4,0.8,20.9,24,8609,0.6,1.1,0.9,19.3,22,8610,0.6,0.9,1.1,19.5,21.2,22.2,1.244,61,
,8611,382.9,0.7,0.9,1.4,22.3,24,8612,0.6,1.1,0.8,19.6,21.6,8613,0.7,1,1.2,20.9,24,8614,0.6,1,1.1,19.6,22,22.9,1.281,62,
,8615,383.2,0.7,1,0.6,19.1,21.6,8616,0.6,1.1,0.6,18.4,20.8,8617,0.6,1.6,0.7,21.9,25.2,8618,0.6,1,1.3,21.3,22.8,22.6,1.918,62,
,8619,383.5,0.7,0.9,0.6,18.9,20.8,8620,0.7,1,0.8,19.8,22.4,8621,0.6,1.1,0.8,18.4,21.6,8622,0.6,0.8,0.7,16.6,18.8,20.9,1.545,57,
,8623,383.8,0.5,1.2,1.2,19.7,22.4,8624,0.6,0.8,1.2,18.8,20.8,8625,0.6,1.3,0.8,20.7,23.2,8626,0.6,1.2,1.4,21.4,24.8,22.8,1.665,60,
,8627,384.1,0.7,0.9,0.6,19.2,20.8,8628,0.7,0.9,1.1,20.6,22.8,8629,0.6,1.2,1.1,21.2,23.6,8630,0.7,1.2,0.7,20.9,23.6,22.7,1.322,61,
,8631,384.4,0.7,1.3,0.8,22.8,24.8,8632,0.6,1.2,1.2,21.8,24,8633,0.7,1.3,1.1,22.9,26,8634,0.7,1.1,1,22.1,24,24.7,0.945,61,
,8653,384.7,0.6,1,0.8,19.3,20.8,8636,0.6,1,0.8,19.2,20.8,8637,0.8,0.8,1.3,21.3,24.4,8638,0.6,1.3,1.4,22.1,25.6,22.9,2.474,63,
,8639,385,0.7,1.3,1.3,24.7,26.8,8640,0.8,0.8,0.8,20.2,22.4,8641,0.7,1,1,20.8,23.2,8642,0.6,1.3,0.9,21.2,23.6,24,1.932,61,
,8643,385.3,0.7,0.7,1.7,21.5,23.6,8644,0.6,1.2,0.8,20.4,22.4,8645,0.6,1.1,0.6,18.9,20.8,8646,0.7,0.8,0.9,18.6,21.2,22,1.265,59,
,,,,,,,,,,,,,,,,,,,,,,,,,,,,,
,8647,385.6,0.7,1,1.9,24.4,26.8,8648,0.6,1.2,1,20.7,23.2,8649,0.6,1.5,1.8,24.8,28.8,8650,0.7,1.7,0.6,23.7,27.2,26.5,2.364,64,
,8651,385.9,0.5,1,1.5,20.2,22,8652,0.6,0.6,0.8,16.1,17.6,8653,0.5,1.1,1.2,19.2,21.6,8654,0.7,0.8,2.1,23,26,21.8,3.433,60,
,8655,386.2,0.7,0.9,1.1,19.6,22.8,8656,0.6,1.1,0.9,20.6,22,8657,0.7,0.8,1.2,20.6,22.4,8658,0.7,0.9,1.3,21.1,23.6,22.7,0.683,62,
,8659,386.5,0.8,0.8,0.9,21.3,22.8,8660,0.7,1,1.8,23.4,26.4,8661,0.6,1.1,1.8,23.1,25.6,8662,0.8,0.9,1,22,24,24.7,1.612,65,
,8663,386.8,0.6,1,0.8,18,20.8,8664,0.6,1.1,0.9,20.5,22,8665,0.7,1.2,1.1,21.6,25.2,8666,0.6,1.3,1.4,21.8,25.6,23.4,2.366,62,
,8667,387.1,0.6,1.2,1,20.6,23.2,8668,0.7,0.9,1.7,22.1,25.2,8670,0.6,1.3,1.5,23.7,26,8671,0.7,0.9,1.5,21.8,24.4,24.7,1.194,65,
,8672,387.4,0.6,1.1,1.4,20.7,24,8673,0.6,0.8,1.6,20.3,22.4,8674,0.6,1,2,22.4,25.6,8675,0.6,1.2,0.8,19.6,22.4,23.6,1.532,64,
,8676,387.7,0.6,1.2,1,20.2,23.2,8677,0.5,1.4,0.5,19.7,21.2,8678,0.7,0.7,1.9,21.3,24.4,8679,0.5,0.9,0.8,17.3,18.4,21.8,2.623,59,
,8680,388,0.7,1.2,0.6,20.5,23.2,8681,0.6,0.8,1.6,19.6,22.4,8682,0.6,0.8,1.7,20.8,22.8,8683,0.7,1.2,0.6,20.9,23.2,22.9,0.383,60,
,8684,388.3,0.7,1.4,0.8,23.6,25.6,8685,0.7,0.9,1.5,21.5,24.4,8686,0.7,1.1,1.5,23.1,26,8687,0.8,1,1.6,25,27.2,25.8,1.155,63,
,,,,,,,,,,,,,,,,,,,,,,,,,,,,,
,8688,388.6,0.6,1.5,0.8,21.3,24.8,8689,0.6,1.1,0.8,19.8,21.6,8690,0.6,1.3,1,20.8,24,8691,0.6,1.3,0.6,20.4,22.4,23.2,1.461,61,
,8692,388.9,0.6,1.2,1.2,21.1,24,8693,0.7,1.1,0.6,20.5,22.4,8694,0.6,0.7,1.2,18.2,20,8695,0.7,1.1,0.6,19.8,22.4,22.2,1.649,62,
,8696,389.2,0.6,1.1,0.6,18.8,20.8,8697,0.7,0.9,0.9,19.4,22,8698,0.6,1,1.1,20.1,22,8699,0.7,1.5,1,23.9,27.2,23,2.857,64,
,8700,389.5,0.6,1.5,1.1,23.1,26,8701,0.7,1.1,0.8,20.4,23.2,8702,0.7,1.3,0.7,21.2,24.4,8703,0.6,1.1,1.7,22.7,25.2,24.7,1.194,64,
,8704,389.8,0.6,1.4,0.9,22,24.4,8705,0.7,1.4,1,23.8,26.4,8706,0.6,1.2,0.8,20.5,22.4,8707,0.6,1.2,1.2,22,24,24.3,1.645,63,
